"P0100,""Kütle veya Hacim Hava Akýþ Devresi Arýzasý""";
"P0101,""Kütle veya Hacim Hava Akýþ Devresi Menzil/Performans Sorunu""";
"P0102,""Kütle veya Hacim Hava Akýþ Devresi Düþük Giriþ""";
"P0103,""Kütle veya Hacim Hava Akýþ Devresi Yüksek Giriþ""";
"P0104,""Kütle veya Hacim Hava Akýþ Devresi Kesintili""";
"P0105,""Manifold Mutlak Basýncý/Barometrik Basýnç Devresi Arýzasý""";
"P0106,""Manifold Mutlak Basýncý/Barometrik Basýnç Devresi Menzil/Performans Sorunu""";
"P0107,""Manifold Mutlak Basýncý/Barometrik Basýnç Devresi Düþük Giriþ""";
"P0108,""Manifold Mutlak Basýncý/Barometrik Basýnç Devresi Yüksek Giriþ""";
"P0109,""Manifold Mutlak Basýncý/Barometrik Basýnç Devresi Kesintili""";
"P0110,""IAT (Emilen Hava Sýcaklýðý) Devre Arýzasý""";
"P0111,""Emilen Hava Sýcaklýðý Devresi Menzil/Performans Sorunu""";
"P0112,""Emilen Hava Sýcaklýðý Devresi Düþük Giriþ""";
"P0113,""Emilen Hava Sýcaklýðý Devresi Yüksek Giriþ""";
"P0114,""Emilen Hava Sýcaklýðý Devresi Kesintili""";
"P0115,""Motor Soðutma Suyu Sýcaklýðý Devresi Arýzasý""";
"P0116,""Motor Soðutma Suyu Sýcaklýðý Devresi Menzil/Performans Sorunu""";
"P0117,""Motor Soðutma Suyu Sýcaklýðý Devresi Düþük Giriþ""";
"P0118,""Motor Soðutma Suyu Sýcaklýðý Devresi Yüksek Giriþ""";
"P0119,""Motor Soðutma Suyu Sýcaklýðý Devresi Kesintili""";
"P0120,""Gaz Kelebeði Konum Sensörü/Anahtarý A Devresi Arýzasý""";
"P0121,""Gaz Kelebeði Konum Sensörü/Anahtarý A Devresi Menzil/Performans Sorunu""";
"P0122,""Gaz Kelebeði Konum Sensörü/Anahtarý A Devresi Düþük Giriþ""";
"P0123,""Gaz Kelebeði Konum Sensörü/Anahtarý A Devresi Yüksek Giriþ""";
"P0124,""Gaz Kelebeði Konum Sensörü/Anahtarý A Devresi Kesintili""";
"P0125,""Kapalý Döngü Yakýt Kontrolü Ýçin Yetersiz Soðutma Suyu Sýcaklýðý""";
"P0126,""Kararlý Çalýþma Ýçin Yetersiz Soðutma Suyu Sýcaklýðý""";
"P0130,""O2 Sensörü Devresi Arýzasý (Sýra 1 Sensör 1)""";
"P0131,""O2 Sensörü Devresi Düþük Voltaj (Sýra 1 Sensör 1)""";
"P0132,""O2 Sensörü Devresi Yüksek Voltaj (Sýra 1 Sensör 1)""";
"P0133,""O2 Sensörü Devresi Yavaþ Yanýt (Sýra 1 Sensör 1)""";
"P0134,""O2 Sensörü Devresi Etkinlik Algýlanmadý (Sýra 1 Sensör 1)""";
"P0135,""O2 Sensörü Isýtýcý Devresi Arýzasý (Sýra 1 Sensör 1)""";
"P0136,""O2 Sensörü Devresi Arýzasý (Sýra 1 Sensör 2)""";
"P0137,""O2 Sensörü Devresi Düþük Voltaj (Sýra 1 Sensör 2)""";
"P0138,""O2 Sensörü Devresi Yüksek Voltaj (Sýra 1 Sensör 2)""";
"P0139,""O2 Sensörü Devresi Yavaþ Yanýt (Sýra 1 Sensör 2)""";
"P0140,""O2 Sensörü Devresi Etkinlik Algýlanmadý (Sýra 1 Sensör 2)""";
"P0141,""O2 Sensörü Isýtýcý Devresi Arýzasý (Sýra 1 Sensör 2)""";
"P0142,""O2 Sensörü Devresi Arýzasý (Sýra 1 Sensör 3)""";
"P0143,""O2 Sensörü Devresi Düþük Voltaj (Sýra 1 Sensör 3)""";
"P0144,""O2 Sensörü Devresi Yüksek Voltaj (Sýra 1 Sensör 3)""";
"P0145,""O2 Sensörü Devresi Yavaþ Yanýt (Sýra 1 Sensör 3)""";
"P0146,""O2 Sensörü Devresi Etkinlik Algýlanmadý (Sýra 1 Sensör 3)""";
"P0147,""O2 Sensörü Isýtýcý Devresi Arýzasý (Sýra 1 Sensör 3)""";
"P0150,""O2 Sensörü Devresi Arýzasý (Sýra 2 Sensör 1)""";
"P0151,""O2 Sensörü Devresi Düþük Voltaj (Sýra 2 Sensör 1)""";
"P0152,""O2 Sensörü Devresi Yüksek Voltaj (Sýra 2 Sensör 1)""";
"P0153,""O2 Sensörü Devresi Yavaþ Yanýt (Sýra 2 Sensör 1)""";
"P0154,""O2 Sensörü Devresi Etkinlik Algýlanmadý (Sýra 2 Sensör 1)""";
"P0155,""O2 Sensörü Isýtýcý Devresi Arýzasý (Sýra 2 Sensör 1)""";
"P0156,""O2 Sensörü Devresi Arýzasý (Sýra 2 Sensör 2)""";
"P0157,""O2 Sensörü Devresi Düþük Voltaj (Sýra 2 Sensör 2)""";
"P0158,""O2 Sensörü Devresi Yüksek Voltaj (Sýra 2 Sensör 2)""";
"P0159,""O2 Sensörü Devresi Yavaþ Yanýt (Sýra 2 Sensör 2)""";
"P0160,""O2 Sensörü Devresi Etkinlik Algýlanmadý (Sýra 2 Sensör 2)""";
"P0161,""O2 Sensörü Isýtýcý Devresi Arýzasý (Sýra 2 Sensör 2)""";
"P0162,""O2 Sensörü Devresi Arýzasý (Sýra 2 Sensör 3)""";
"P0163,""O2 Sensörü Devresi Düþük Voltaj (Sýra 2 Sensör 3)""";
"P0164,""O2 Sensörü Devresi Yüksek Voltaj (Sýra 2 Sensör 3)""";
"P0165,""O2 Sensörü Devresi Yavaþ Yanýt (Sýra 2 Sensör 3)""";
"P0166,""O2 Sensörü Devresi Etkinlik Algýlanmadý (Sýra 2 Sensör 3)""";
"P0167,""O2 Sensörü Isýtýcý Devresi Arýzasý (Sýra 2 Sensör 3)""";
"P0170,""Yakýt Ayarý Arýzasý (Sýra 1)""";
"P0171,""Sistem Çok Fakir (Sýra 1)""";
"P0172,""Sistem Çok Zengin (Sýra 1)""";
"P0173,""Yakýt Ayarý Arýzasý (Sýra 2)""";
"P0174,""Sistem Çok Fakir (Sýra 2)""";
"P0175,""Sistem Çok Zengin (Sýra 2)""";
"P0176,""Yakýt Bileþim Sensörü Devresi Arýzasý""";
"P0177,""Yakýt Bileþim Sensörü Devresi Menzil/Performans""";
"P0178,""Yakýt Bileþim Sensörü Devresi Düþük Giriþ""";
"P0179,""Yakýt Bileþim Sensörü Devresi Yüksek Giriþ""";
"P0180,""Yakýt Sýcaklýk Sensörü A Devresi Arýzasý""";
"P0181,""Yakýt Sýcaklýk Sensörü A Devresi Menzil/Performans""";
"P0182,""Yakýt Sýcaklýk Sensörü A Devresi Düþük Giriþ""";
"P0183,""Yakýt Sýcaklýk Sensörü A Devresi Yüksek Giriþ""";
"P0184,""Yakýt Sýcaklýk Sensörü A Devresi Kesintili""";
"P0185,""Yakýt Sýcaklýk Sensörü B Devresi Arýzasý""";
"P0186,""Yakýt Sýcaklýk Sensörü B Devresi Menzil/Performans""";
"P0187,""Yakýt Sýcaklýk Sensörü B Devresi Düþük Giriþ""";
"P0188,""Yakýt Sýcaklýk Sensörü B Devresi Yüksek Giriþ""";
"P0189,""Yakýt Sýcaklýk Sensörü B Devresi Kesintili""";
"P0190,""Yakýt Rayý Basýnç Sensörü Devre Arýzasý""";
"P0191,""Yakýt Rayý Basýnç Sensörü Devre Menzil/Performans""";
"P0192,""Yakýt Rayý Basýnç Sensörü Devre Düþük Giriþ""";
"P0193,""Yakýt Rayý Basýnç Sensörü Devre Yüksek Giriþ""";
"P0194,""Yakýt Rayý Basýnç Sensörü Devre Kesintili""";
"P0195,""Motor Yaðý Sýcaklýk Sensörü Devre Arýzasý""";
"P0196,""Motor Yaðý Sýcaklýk Sensörü Devre Menzil/Performans""";
"P0197,""Motor Yaðý Sýcaklýk Sensörü Devre Düþük Giriþ""";
"P0198,""Motor Yaðý Sýcaklýk Sensörü Devre Yüksek Giriþ""";
"P0199,""Motor Yaðý Sýcaklýk Sensörü Devre Kesintili""";
"P0200,""Enjektör Devre Arýzasý""";
"P0201,""Enjektör Devre Arýzasý - Silindir 1""";
"P0202,""Enjektör Devre Arýzasý - Silindir 2""";
"P0203,""Enjektör Devre Arýzasý - Silindir 3""";
"P0204,""Enjektör Devre Arýzasý - Silindir 4""";
"P0205,""Enjektör Devre Arýzasý - Silindir 5""";
"P0206,""Enjektör Devre Arýzasý - Silindir 6""";
"P0207,""Enjektör Devre Arýzasý - Silindir 7""";
"P0208,""Enjektör Devre Arýzasý - Silindir 8""";
"P0209,""Enjektör Devre Arýzasý - Silindir 9""";
"P0210,""Enjektör Devre Arýzasý - Silindir 10""";
"P0211,""Enjektör Devre Arýzasý - Silindir 11""";
"P0212,""Enjektör Devre Arýzasý - Silindir 12""";
"P0213,""Soðuk Çalýþtýrma Enjektörü 1 Arýzasý""";
"P0214,""Soðuk Çalýþtýrma Enjektörü 2 Arýzasý""";
"P0215,""Motor Durdurma Selenoidi Arýzasý""";
"P0216,""Enjeksiyon Zamanlama Kontrol Devresi Arýzasý""";
"P0217,""Motor Aþýrý Isýnma Durumu""";
"P0218,""Þanzýman Aþýrý Isýnma Durumu""";
"P0219,""Motor Aþýrý Devir Durumu""";
"P0220,""Gaz Kelebeði/Pedal Konum Sensörü/Anahtarý B Devre Arýzasý""";
"P0221,""Gaz Kelebeði/Pedal Konum Sensörü/Anahtarý B Devre Menzil/Performans""";
"P0222,""Gaz Kelebeði/Pedal Konum Sensörü/Anahtarý B Devre Düþük Giriþ""";
"P0223,""Gaz Kelebeði/Pedal Konum Sensörü/Anahtarý B Devre Yüksek Giriþ""";
"P0224,""Gaz Kelebeði/Pedal Konum Sensörü/Anahtarý B Devre Kesintili""";
"P0225,""Gaz Kelebeði/Pedal Konum Sensörü/Anahtarý C Devre Arýzasý""";
"P0226,""Gaz Kelebeði/Pedal Konum Sensörü/Anahtarý C Devre Menzil/Performans""";
"P0227,""Gaz Kelebeði/Pedal Konum Sensörü/Anahtarý C Devre Düþük Giriþ""";
"P0228,""Gaz Kelebeði/Pedal Konum Sensörü/Anahtarý C Devre Yüksek Giriþ""";
"P0229,""Gaz Kelebeði/Pedal Konum Sensörü/Anahtarý C Devre Kesintili""";
"P0230,""Yakýt Pompasý Birincil Devre Arýzasý""";
"P0231,""Yakýt Pompasý Ýkincil Devre Düþük""";
"P0232,""Yakýt Pompasý Ýkincil Devre Yüksek""";
"P0233,""Yakýt Pompasý Ýkincil Devre Kesintili""";
"P0234,""Motor Aþýrý Besleme (Overboost) Durumu""";
"P0235,""Turboþarj Takviye Sensörü A Devresi Arýzasý""";
"P0236,""Turboþarj Takviye Sensörü A Devresi Menzil/Performans""";
"P0237,""Turboþarj Takviye Sensörü A Devresi Düþük""";
"P0238,""Turboþarj Takviye Sensörü A Devresi Yüksek""";
"P0239,""Turboþarj Takviye Sensörü B Devresi Arýzasý""";
"P0240,""Turboþarj Takviye Sensörü B Devresi Menzil/Performans""";
"P0241,""Turboþarj Takviye Sensörü B Devresi Düþük""";
"P0242,""Turboþarj Takviye Sensörü B Devresi Yüksek""";
"P0243,""Turboþarj Atýk Boþaltma (Wastegate) Selenoidi A Arýzasý""";
"P0244,""Turboþarj Atýk Boþaltma Selenoidi A Menzil/Performans""";
"P0245,""Turboþarj Atýk Boþaltma Selenoidi A Düþük""";
"P0246,""Turboþarj Atýk Boþaltma Selenoidi A Yüksek""";
"P0247,""Turboþarj Atýk Boþaltma Selenoidi B Arýzasý""";
"P0248,""Turboþarj Atýk Boþaltma Selenoidi B Menzil/Performans""";
"P0249,""Turboþarj Atýk Boþaltma Selenoidi B Düþük""";
"P0250,""Turboþarj Atýk Boþaltma Selenoidi B Yüksek""";
"P0251,""Enjeksiyon Pompasý Yakýt Ölçüm Kontrolü A Arýzasý (Cam/Rotor/Enjektör)""";
"P0252,""Enjeksiyon Pompasý Yakýt Ölçüm Kontrolü A Menzil/Performans""";
"P0253,""Enjeksiyon Pompasý Yakýt Ölçüm Kontrolü A Düþük""";
"P0254,""Enjeksiyon Pompasý Yakýt Ölçüm Kontrolü A Yüksek""";
"P0255,""Enjeksiyon Pompasý Yakýt Ölçüm Kontrolü A Kesintili""";
"P0256,""Enjeksiyon Pompasý Yakýt Ölçüm Kontrolü B Arýzasý (Cam/Rotor/Enjektör)""";
"P0257,""Enjeksiyon Pompasý Yakýt Ölçüm Kontrolü B Menzil/Performans""";
"P0258,""Enjeksiyon Pompasý Yakýt Ölçüm Kontrolü B Düþük""";
"P0259,""Enjeksiyon Pompasý Yakýt Ölçüm Kontrolü B Yüksek""";
"P0260,""Enjeksiyon Pompasý Yakýt Ölçüm Kontrolü B Kesintili""";
"P0261,""Silindir 1 Enjektör Devresi Düþük""";
"P0262,""Silindir 1 Enjektör Devresi Yüksek""";
"P0263,""Silindir 1 Katký/Denge Hatasý""";
"P0264,""Silindir 2 Enjektör Devresi Düþük""";
"P0265,""Silindir 2 Enjektör Devresi Yüksek""";
"P0266,""Silindir 2 Katký/Denge Hatasý""";
"P0267,""Silindir 3 Enjektör Devresi Düþük""";
"P0268,""Silindir 3 Enjektör Devresi Yüksek""";
"P0269,""Silindir 3 Katký/Denge Hatasý""";
"P0270,""Silindir 4 Enjektör Devresi Düþük""";
"P0271,""Silindir 4 Enjektör Devresi Yüksek""";
"P0272,""Silindir 4 Katký/Denge Hatasý""";
"P0273,""Silindir 5 Enjektör Devresi Düþük""";
"P0274,""Silindir 5 Enjektör Devresi Yüksek""";
"P0275,""Silindir 5 Katký/Denge Hatasý""";
"P0276,""Silindir 6 Enjektör Devresi Düþük""";
"P0277,""Silindir 6 Enjektör Devresi Yüksek""";
"P0278,""Silindir 6 Katký/Denge Hatasý""";
"P0279,""Silindir 7 Enjektör Devresi Düþük""";
"P0280,""Silindir 7 Enjektör Devresi Yüksek""";
"P0281,""Silindir 7 Katký/Denge Hatasý""";
"P0282,""Silindir 8 Enjektör Devresi Düþük""";
"P0283,""Silindir 8 Enjektör Devresi Yüksek""";
"P0284,""Silindir 8 Katký/Denge Hatasý""";
"P0285,""Silindir 9 Enjektör Devresi Düþük""";
"P0286,""Silindir 9 Enjektör Devresi Yüksek""";
"P0287,""Silindir 9 Katký/Denge Hatasý""";
"P0288,""Silindir 10 Enjektör Devresi Düþük""";
"P0289,""Silindir 10 Enjektör Devresi Yüksek""";
"P0290,""Silindir 10 Katký/Denge Hatasý""";
"P0291,""Silindir 11 Enjektör Devresi Düþük""";
"P0292,""Silindir 11 Enjektör Devresi Yüksek""";
"P0293,""Silindir 11 Katký/Denge Hatasý""";
"P0294,""Silindir 12 Enjektör Devresi Düþük""";
"P0295,""Silindir 12 Enjektör Devresi Yüksek""";
"P0296,""Silindir 12 Katký/Denge Hatasý""";
"P0300,""Rastgele/Çoklu Silindir Ateþleme Hatasý Algýlandý""";
"P0301,""Silindir 1 Ateþleme Hatasý Algýlandý""";
"P0302,""Silindir 2 Ateþleme Hatasý Algýlandý""";
"P0303,""Silindir 3 Ateþleme Hatasý Algýlandý""";
"P0304,""Silindir 4 Ateþleme Hatasý Algýlandý""";
"P0305,""Silindir 5 Ateþleme Hatasý Algýlandý""";
"P0306,""Silindir 6 Ateþleme Hatasý Algýlandý""";
"P0307,""Silindir 7 Ateþleme Hatasý Algýlandý""";
"P0308,""Silindir 8 Ateþleme Hatasý Algýlandý""";
"P0309,""Silindir 9 Ateþleme Hatasý Algýlandý""";
"P0310,""Silindir 10 Ateþleme Hatasý Algýlandý""";
"P0311,""Silindir 11 Ateþleme Hatasý Algýlandý""";
"P0312,""Silindir 12 Ateþleme Hatasý Algýlandý""";
"P0320,""Ateþleme/Distribütör Motor Devri Giriþ Devre Arýzasý""";
"P0321,""Ateþleme/Distribütör Motor Devri Giriþ Devre Menzil/Performans""";
"P0322,""Ateþleme/Distribütör Motor Devri Giriþ Devre Sinyal Yok""";
"P0323,""Ateþleme/Distribütör Motor Devri Giriþ Devre Kesintili""";
"P0325,""Vuruntu Sensörü 1 Devre Arýzasý (Sýra 1 veya Tek Sensör)""";
"P0326,""Vuruntu Sensörü 1 Devre Menzil/Performans (Sýra 1 veya Tek Sensör)""";
"P0327,""Vuruntu Sensörü 1 Devre Düþük Giriþ (Sýra 1 veya Tek Sensör)""";
"P0328,""Vuruntu Sensörü 1 Devre Yüksek Giriþ (Sýra 1 veya Tek Sensör)""";
"P0329,""Vuruntu Sensörü 1 Devre Kesintili (Sýra 1 veya Tek Sensör)""";
"P0330,""Vuruntu Sensörü 2 Devre Arýzasý (Sýra 2)""";
"P0331,""Vuruntu Sensörü 2 Devre Menzil/Performans (Sýra 2)""";
"P0332,""Vuruntu Sensörü 2 Devre Düþük Giriþ (Sýra 2)""";
"P0333,""Vuruntu Sensörü 2 Devre Yüksek Giriþ (Sýra 2)""";
"P0334,""Vuruntu Sensörü 2 Devre Kesintili (Sýra 2)""";
"P0335,""Krank Mili Konum Sensörü A Devre Arýzasý""";
"P0336,""Krank Mili Konum Sensörü A Devre Menzil/Performans""";
"P0337,""Krank Mili Konum Sensörü A Devre Düþük Giriþ""";
"P0338,""Krank Mili Konum Sensörü A Devre Yüksek Giriþ""";
"P0339,""Krank Mili Konum Sensörü A Devre Kesintili""";
"P0340,""Eksantrik Mili Konum Sensörü Devre Arýzasý""";
"P0341,""Eksantrik Mili Konum Sensörü Devre Menzil/Performans""";
"P0342,""Eksantrik Mili Konum Sensörü Devre Düþük Giriþ""";
"P0343,""Eksantrik Mili Konum Sensörü Devre Yüksek Giriþ""";
"P0344,""Eksantrik Mili Konum Sensörü Devre Kesintili""";
"P0350,""Ateþleme Bobini Birincil/Ýkincil Devre Arýzasý""";
"P0351,""Ateþleme Bobini A Birincil/Ýkincil Devre Arýzasý""";
"P0352,""Ateþleme Bobini B Birincil/Ýkincil Devre Arýzasý""";
"P0353,""Ateþleme Bobini C Birincil/Ýkincil Devre Arýzasý""";
"P0354,""Ateþleme Bobini D Birincil/Ýkincil Devre Arýzasý""";
"P0355,""Ateþleme Bobini E Birincil/Ýkincil Devre Arýzasý""";
"P0356,""Ateþleme Bobini F Birincil/Ýkincil Devre Arýzasý""";
"P0357,""Ateþleme Bobini G Birincil/Ýkincil Devre Arýzasý""";
"P0358,""Ateþleme Bobini H Birincil/Ýkincil Devre Arýzasý""";
"P0359,""Ateþleme Bobini I Birincil/Ýkincil Devre Arýzasý""";
"P0360,""Ateþleme Bobini J Birincil/Ýkincil Devre Arýzasý""";
"P0361,""Ateþleme Bobini K Birincil/Ýkincil Devre Arýzasý""";
"P0362,""Ateþleme Bobini L Birincil/Ýkincil Devre Arýzasý""";
"P0370,""Zamanlama Referansý Yüksek Çözünürlüklü Sinyal A Arýzasý""";
"P0371,""Zamanlama Referansý Yüksek Çözünürlüklü Sinyal A Çok Fazla Darbe""";
"P0372,""Zamanlama Referansý Yüksek Çözünürlüklü Sinyal A Çok Az Darbe""";
"P0373,""Zamanlama Referansý Yüksek Çözünürlüklü Sinyal A Kararsýz/Kesintili Darbeler""";
"P0374,""Zamanlama Referansý Yüksek Çözünürlüklü Sinyal A Darbe Yok""";
"P0375,""Zamanlama Referansý Yüksek Çözünürlüklü Sinyal B Arýzasý""";
"P0376,""Zamanlama Referansý Yüksek Çözünürlüklü Sinyal B Çok Fazla Darbe""";
"P0377,""Zamanlama Referansý Yüksek Çözünürlüklü Sinyal B Çok Az Darbe""";
"P0378,""Zamanlama Referansý Yüksek Çözünürlüklü Sinyal B Kararsýz/Kesintili Darbeler""";
"P0379,""Zamanlama Referansý Yüksek Çözünürlüklü Sinyal B Darbe Yok""";
"P0380,""Kýzdýrma Bujisi/Isýtýcý Devresi A Arýzasý""";
"P0381,""Kýzdýrma Bujisi/Isýtýcý Gösterge Devre Arýzasý""";
"P0382,""Kýzdýrma Bujisi/Isýtýcý Devresi B Arýzasý""";
"P0385,""Krank Mili Konum Sensörü B Devre Arýzasý""";
"P0386,""Krank Mili Konum Sensörü B Devre Menzil/Performans""";
"P0387,""Krank Mili Konum Sensörü B Devre Düþük Giriþ""";
"P0388,""Krank Mili Konum Sensörü B Devre Yüksek Giriþ""";
"P0389,""Krank Mili Konum Sensörü B Devre Kesintili""";
"P0400,""Egzoz Gazý Geri Döndürme (EGR) Akýþ Arýzasý""";
"P0401,""EGR Akýþý Yetersiz Algýlandý""";
"P0402,""EGR Akýþý Aþýrý Algýlandý""";
"P0403,""EGR Devre Arýzasý""";
"P0404,""EGR Devre Menzil/Performans""";
"P0405,""EGR Sensörü A Devresi Düþük""";
"P0406,""EGR Sensörü A Devresi Yüksek""";
"P0407,""EGR Sensörü B Devresi Düþük""";
"P0408,""EGR Sensörü B Devresi Yüksek""";
"P0410,""Ýkincil Hava Enjeksiyon Sistemi Arýzasý""";
"P0411,""Ýkincil Hava Enjeksiyon Sistemi Hatalý Yukarý Akýþ""";
"P0412,""Ýkincil Hava Enjeksiyon Sistemi Anahtarlama Valfi A Devre Arýzasý""";
"P0413,""Ýkincil Hava Enjeksiyon Sistemi Anahtarlama Valfi A Devre Açýk""";
"P0414,""Ýkincil Hava Enjeksiyon Sistemi Anahtarlama Valfi A Devre Kýsa Devre""";
"P0415,""Ýkincil Hava Enjeksiyon Sistemi Anahtarlama Valfi B Devre Arýzasý""";
"P0416,""Ýkincil Hava Enjeksiyon Sistemi Anahtarlama Valfi B Devre Açýk""";
"P0417,""Ýkincil Hava Enjeksiyon Sistemi Anahtarlama Valfi B Devre Kýsa Devre""";
"P0418,""Ýkincil Hava Enjeksiyon Sistemi Röle A Devre Arýzasý""";
"P0419,""Ýkincil Hava Enjeksiyon Sistemi Röle B Devre Arýzasý""";
"P0420,""Katalizör Sistemi Verimliliði Eþik Deðerin Altýnda (Sýra 1)""";
"P0421,""Isýnma Katalizör Verimliliði Eþik Deðerin Altýnda (Sýra 1)""";
"P0422,""Ana Katalizör Verimliliði Eþik Deðerin Altýnda (Sýra 1)""";
"P0423,""Isýtmalý Katalizör Verimliliði Eþik Deðerin Altýnda (Sýra 1)""";
"P0424,""Isýtmalý Katalizör Sýcaklýðý Eþik Deðerin Altýnda (Sýra 1)""";
"P0430,""Katalizör Sistemi Verimliliði Eþik Deðerin Altýnda (Sýra 2)""";
"P0431,""Isýnma Katalizör Verimliliði Eþik Deðerin Altýnda (Sýra 2)""";
"P0432,""Ana Katalizör Verimliliði Eþik Deðerin Altýnda (Sýra 2)""";
"P0433,""Isýtmalý Katalizör Verimliliði Eþik Deðerin Altýnda (Sýra 2)""";
"P0434,""Isýtmalý Katalizör Sýcaklýðý Eþik Deðerin Altýnda (Sýra 2)""";
"P0440,""Evaporatif Emisyon (EVAP) Kontrol Sistemi Arýzasý""";
"P0441,""EVAP Kontrol Sistemi Hatalý Tahliye Akýþý""";
"P0442,""EVAP Kontrol Sistemi Sýzýntý Algýlandý (Küçük Sýzýntý)""";
"P0443,""EVAP Kontrol Sistemi Tahliye Kontrol Valfi Devre Arýzasý""";
"P0444,""EVAP Kontrol Sistemi Tahliye Kontrol Valfi Devre Açýk""";
"P0445,""EVAP Kontrol Sistemi Tahliye Kontrol Valfi Devre Kýsa Devre""";
"P0446,""EVAP Kontrol Sistemi Havalandýrma Kontrol Devre Arýzasý""";
"P0447,""EVAP Kontrol Sistemi Havalandýrma Kontrol Devre Açýk""";
"P0448,""EVAP Kontrol Sistemi Havalandýrma Kontrol Devre Kýsa Devre""";
"P0449,""EVAP Kontrol Sistemi Havalandýrma Valfi/Selenoid Devre Arýzasý""";
"P0450,""EVAP Kontrol Sistemi Basýnç Sensörü Arýzasý""";
"P0451,""EVAP Kontrol Sistemi Basýnç Sensörü Menzil/Performans""";
"P0452,""EVAP Kontrol Sistemi Basýnç Sensörü Düþük Giriþ""";
"P0453,""EVAP Kontrol Sistemi Basýnç Sensörü Yüksek Giriþ""";
"P0454,""EVAP Kontrol Sistemi Basýnç Sensörü Kesintili""";
"P0455,""EVAP Kontrol Sistemi Sýzýntý Algýlandý (Büyük Sýzýntý)""";
"P0460,""Yakýt Seviye Sensörü Devre Arýzasý""";
"P0461,""Yakýt Seviye Sensörü Devre Menzil/Performans""";
"P0462,""Yakýt Seviye Sensörü Devre Düþük Giriþ""";
"P0463,""Yakýt Seviye Sensörü Devre Yüksek Giriþ""";
"P0464,""Yakýt Seviye Sensörü Devre Kesintili""";
"P0465,""Tahliye Akýþ Sensörü Devre Arýzasý""";
"P0466,""Tahliye Akýþ Sensörü Devre Menzil/Performans""";
"P0467,""Tahliye Akýþ Sensörü Devre Düþük Giriþ""";
"P0468,""Tahliye Akýþ Sensörü Devre Yüksek Giriþ""";
"P0469,""Tahliye Akýþ Sensörü Devre Kesintili""";
"P0470,""Egzoz Basýnç Sensörü Arýzasý""";
"P0471,""Egzoz Basýnç Sensörü Menzil/Performans""";
"P0472,""Egzoz Basýnç Sensörü Düþük""";
"P0473,""Egzoz Basýnç Sensörü Yüksek""";
"P0474,""Egzoz Basýnç Sensörü Kesintili""";
"P0475,""Egzoz Basýnç Kontrol Valfi Arýzasý""";
"P0476,""Egzoz Basýnç Kontrol Valfi Menzil/Performans""";
"P0477,""Egzoz Basýnç Kontrol Valfi Düþük""";
"P0478,""Egzoz Basýnç Kontrol Valfi Yüksek""";
"P0479,""Egzoz Basýnç Kontrol Valfi Kesintili""";
"P0480,""Soðutma Faný 1 Kontrol Devre Arýzasý""";
"P0481,""Soðutma Faný 2 Kontrol Devre Arýzasý""";
"P0482,""Soðutma Faný 3 Kontrol Devre Arýzasý""";
"P0483,""Soðutma Faný Rasyonellik Kontrolü Arýzasý""";
"P0484,""Soðutma Faný Devresi Aþýrý Akým""";
"P0485,""Soðutma Faný Güç/Þasi Devre Arýzasý""";
"P0500,""Araç Hýz Sensörü Arýzasý""";
"P0501,""Araç Hýz Sensörü Menzil/Performans""";
"P0502,""Araç Hýz Sensörü Düþük Giriþ""";
"P0503,""Araç Hýz Sensörü Kesintili/Hatalý/Yüksek""";
"P0505,""Rölanti Kontrol Sistemi Arýzasý""";
"P0506,""Rölanti Kontrol Sistemi Beklenenden Düþük Devir""";
"P0507,""Rölanti Kontrol Sistemi Beklenenden Yüksek Devir""";
"P0510,""Kapalý Gaz Kelebeði Konum Anahtarý Arýzasý""";
"P0520,""Motor Yað Basýnç Sensörü/Anahtarý Devre Arýzasý""";
"P0521,""Motor Yað Basýnç Sensörü/Anahtarý Devre Menzil/Performans""";
"P0522,""Motor Yað Basýnç Sensörü/Anahtarý Alçak Gerilim""";
"P0523,""Motor Yað Basýnç Sensörü/Anahtarý Yüksek Gerilim""";
"P0530,""Klima Soðutucu Akýþkan Basýnç Sensörü Devre Arýzasý""";
"P0531,""Klima Soðutucu Akýþkan Basýnç Sensörü Devre Menzil/Performans""";
"P0532,""Klima Soðutucu Akýþkan Basýnç Sensörü Düþük Giriþ""";
"P0533,""Klima Soðutucu Akýþkan Basýnç Sensörü Yüksek Giriþ""";
"P0534,""Klima Soðutucu Akýþkan Kaybý""";
"P0550,""Hidrolik Direksiyon Basýnç Sensörü Devre Arýzasý""";
"P0551,""Hidrolik Direksiyon Basýnç Sensörü Devre Menzil/Performans""";
"P0552,""Hidrolik Direksiyon Basýnç Sensörü Düþük Giriþ""";
"P0553,""Hidrolik Direksiyon Basýnç Sensörü Yüksek Giriþ""";
"P0554,""Hidrolik Direksiyon Basýnç Sensörü Kesintili""";
"P0560,""Sistem Voltajý Arýzasý""";
"P0561,""Sistem Voltajý Kararsýz""";
"P0562,""Sistem Voltajý Düþük""";
"P0563,""Sistem Voltajý Yüksek""";
"P0565,""Hýz Sabitleyici (Cruise Control) Açma Sinyali Arýzasý""";
"P0566,""Hýz Sabitleyici Kapama Sinyali Arýzasý""";
"P0567,""Hýz Sabitleyici Yeniden Baþlatma (Resume) Sinyali Arýzasý""";
"P0568,""Hýz Sabitleyici Ayar (Set) Sinyali Arýzasý""";
"P0569,""Hýz Sabitleyici Kademeli Yavaþlama (Coast) Sinyali Arýzasý""";
"P0570,""Hýz Sabitleyici Hýzlanma (Accel) Sinyali Arýzasý""";
"P0571,""Hýz Sabitleyici/Fren Anahtarý A Devre Arýzasý""";
"P0572,""Hýz Sabitleyici/Fren Anahtarý A Devre Düþük""";
"P0573,""Hýz Sabitleyici/Fren Anahtarý A Devre Yüksek""";
"P0574-P0580,""Hýz Sabitleyici Ýle Ýlgili Arýzalar""";
"P0600,""Seri Ýletiþim Baðlantýsý Arýzasý""";
"P0601,""Dahili Kontrol Modülü Bellek Saðlama Toplamý (Checksum) Hatasý""";
"P0602,""Kontrol Modülü Programlama Hatasý""";
"P0603,""Dahili Kontrol Modülü Canlý Bellek (KAM) Hatasý""";
"P0604,""Dahili Kontrol Modülü Rastgele Eriþimli Bellek (RAM) Hatasý""";
"P0605,""Dahili Kontrol Modülü Salt Okunur Bellek (ROM) Hatasý""";
"P0606,""PCM Ýþlemci Hatasý""";
"P0608,""Kontrol Modülü VSS Çýkýþý A Arýzasý""";
"P0609,""Kontrol Modülü VSS Çýkýþý B Arýzasý""";
"P0620,""Alternatör Kontrol Devre Arýzasý""";
"P0621,""Alternatör Lamba Kontrol Devre Arýzasý""";
"P0622,""Alternatör Alan (Field) Kontrol Devre Arýzasý""";
"P0650,""Arýza Gösterge Lambasý (MIL) Kontrol Devre Arýzasý""";
"P0654,""Motor Devir Sayýsý (RPM) Çýkýþ Devre Arýzasý""";
"P0655,""Motor Aþýrý Isýnma Lambasý Çýkýþ Devre Arýzasý""";
"P0656,""Yakýt Seviyesi Çýkýþ Devre Arýzasý""";
"P0700,""Þanzýman Kontrol Sistemi Arýzasý""";
"P0701,""Þanzýman Kontrol Sistemi Menzil/Performans""";
"P0702,""Þanzýman Kontrol Sistemi Elektriksel""";
"P0703,""Tork Konvertörü/Fren Anahtarý B Devre Arýzasý""";
"P0704,""Debriyaj Anahtarý Giriþ Devre Arýzasý""";
"P0705,""Þanzýman Menzil Sensörü Devre Arýzasý (PRNDL Giriþi)""";
"P0706,""Þanzýman Menzil Sensörü Devre Menzil/Performans""";
"P0707,""Þanzýman Menzil Sensörü Devre Düþük Giriþ""";
"P0708,""Þanzýman Menzil Sensörü Devre Yüksek Giriþ""";
"P0709,""Þanzýman Menzil Sensörü Devre Kesintili""";
"P0710,""Þanzýman Yaðý Sýcaklýk Sensörü Devre Arýzasý""";
"P0711,""Þanzýman Yaðý Sýcaklýk Sensörü Devre Menzil/Performans""";
"P0712,""Þanzýman Yaðý Sýcaklýk Sensörü Devre Düþük Giriþ""";
"P0713,""Þanzýman Yaðý Sýcaklýk Sensörü Devre Yüksek Giriþ""";
"P0714,""Þanzýman Yaðý Sýcaklýk Sensörü Devre Kesintili""";
"P0715,""Türbin/Giriþ Mili Hýz Sensörü Devre Arýzasý""";
"P0716,""Türbin/Giriþ Mili Hýz Sensörü Devre Menzil/Performans""";
"P0717,""Türbin/Giriþ Mili Hýz Sensörü Devre Sinyal Yok""";
"P0718,""Türbin/Giriþ Mili Hýz Sensörü Devre Kesintili""";
"P0719,""Tork Konvertörü/Fren Anahtarý B Devre Düþük""";
"P0720,""Çýkýþ Mili Hýz Sensörü Devre Arýzasý""";
"P0721,""Çýkýþ Mili Hýz Sensörü Menzil/Performans""";
"P0722,""Çýkýþ Mili Hýz Sensörü Sinyal Yok""";
"P0723,""Çýkýþ Mili Hýz Sensörü Kesintili""";
"P0724,""Tork Konvertörü/Fren Anahtarý B Devre Yüksek""";
"P0725,""Motor Devir Giriþ Devre Arýzasý""";
"P0726,""Motor Devir Giriþ Devre Menzil/Performans""";
"P0727,""Motor Devir Giriþ Devre Sinyal Yok""";
"P0728,""Motor Devir Giriþ Devre Kesintili""";
"P0730,""Hatalý Diþli Oraný""";
"P0731,""Diþli 1 Hatalý Oran""";
"P0732,""Diþli 2 Hatalý Oran""";
"P0733,""Diþli 3 Hatalý Oran""";
"P0734,""Diþli 4 Hatalý Oran""";
"P0735,""Diþli 5 Hatalý Oran""";
"P0736,""Geri Vites Hatalý Oran""";
"P0740,""Tork Konvertörü Kavramasý Devre Arýzasý""";
"P0741,""Tork Konvertörü Kavramasý Devre Performansý veya Kapalý Kalmasý""";
"P0742,""Tork Konvertörü Kavramasý Devre Açýk Kalmasý""";
"P0743,""Tork Konvertörü Kavramasý Devre Elektriksel""";
"P0744,""Tork Konvertörü Kavramasý Devre Kesintili""";
"P0745,""Basýnç Kontrol Selenoidi Arýzasý""";
"P0746,""Basýnç Kontrol Selenoidi Performansý veya Kapalý Kalmasý""";
"P0747,""Basýnç Kontrol Selenoidi Açýk Kalmasý""";
"P0748,""Basýnç Kontrol Selenoidi Elektriksel""";
"P0749,""Basýnç Kontrol Selenoidi Kesintili""";
"P0750,""Vites Selenoidi A Arýzasý""";
"P0751,""Vites Selenoidi A Performansý veya Kapalý Kalmasý""";
"P0752,""Vites Selenoidi A Açýk Kalmasý""";
"P0753,""Vites Selenoidi A Elektriksel""";
"P0754,""Vites Selenoidi A Kesintili""";
"P0755,""Vites Selenoidi B Arýzasý""";
"P0756,""Vites Selenoidi B Performansý veya Kapalý Kalmasý""";
"P0757,""Vites Selenoidi B Açýk Kalmasý""";
"P0758,""Vites Selenoidi B Elektriksel""";
"P0759,""Vites Selenoidi B Kesintili""";
"P0760,""Vites Selenoidi C Arýzasý""";
"P0761,""Vites Selenoidi C Performansý veya Kapalý Kalmasý""";
"P0762,""Vites Selenoidi C Açýk Kalmasý""";
"P0763,""Vites Selenoidi C Elektriksel""";
"P0764,""Vites Selenoidi C Kesintili""";
"P0765,""Vites Selenoidi D Arýzasý""";
"P0766,""Vites Selenoidi D Performansý veya Kapalý Kalmasý""";
"P0767,""Vites Selenoidi D Açýk Kalmasý""";
"P0768,""Vites Selenoidi D Elektriksel""";
"P0769,""Vites Selenoidi D Kesintili""";
"P0770,""Vites Selenoidi E Arýzasý""";
"P0771,""Vites Selenoidi E Performansý veya Kapalý Kalmasý""";
"P0772,""Vites Selenoidi E Açýk Kalmasý""";
"P0773,""Vites Selenoidi E Elektriksel""";
"P0774,""Vites Selenoidi E Kesintili""";
"P0780,""Vites Deðiþtirme Arýzasý""";
"P0781,""1-2 Vites Deðiþtirme Arýzasý""";
"P0782,""2-3 Vites Deðiþtirme Arýzasý""";
"P0783,""3-4 Vites Deðiþtirme Arýzasý""";
"P0784,""4-5 Vites Deðiþtirme Arýzasý""";
"P0785,""Vites/Zamanlama Selenoidi Arýzasý""";
"P0786,""Vites/Zamanlama Selenoidi Menzil/Performans""";
"P0787,""Vites/Zamanlama Selenoidi Düþük""";
"P0788,""Vites/Zamanlama Selenoidi Yüksek""";
"P0789,""Vites/Zamanlama Selenoidi Kesintili""";
"P0790,""Normal/Performans Anahtarý Devre Arýzasý""";
"P0801,""Geri Vites Önleme Kontrol Devre Arýzasý""";
"P0803,""1-4 Vites Büyütme (Skip Shift) Selenoid Kontrol Devre Arýzasý""";
"P0804,""1-4 Vites Büyütme (Skip Shift) Lamba Kontrol Devre Arýzasý""";
"B1200,""Klima/Havalandýrma Ýç Hatasý""";
"B1201,""Yakýt Seviye Sensörü Devre Arýzasý""";
"B1202,""Yakýt Seviye Sensörü Devre Açýk""";
"B1203,""Yakýt Seviye Sensörü Devre Þasiye Kýsa Devre""";
"B1204,""Yakýt Seviye Sensörü Devre Bataryaya Kýsa Devre""";
"B1205,""EIC (Elektronik Bilgi Merkezi) Anahtar Grubu 1 Devre Arýzasý""";
"B1206,""EIC Anahtar Grubu 1 Devre Açýk""";
"B1207,""EIC Anahtar Grubu 1 Devre Þasiye Kýsa Devre""";
"B1208,""EIC Anahtar Grubu 1 Devre Bataryaya Kýsa Devre""";
"B1209,""EIC Anahtar Grubu 2 Devre Arýzasý""";
"B1210,""EIC Anahtar Grubu 2 Devre Açýk""";
"B1211,""EIC Anahtar Grubu 2 Devre Þasiye Kýsa Devre""";
"B1212,""EIC Anahtar Grubu 2 Devre Bataryaya Kýsa Devre""";
"B1213,""Programlanmýþ Anahtar Sayýsý Alt Sýnýrýn Altýnda""";
"B1214,""Lamba Çalýþtýrma Giriþ Devresi Þasiye Kýsa Devre""";
"B1215,""Lamba Çalýþtýrma Giriþ Devresi Bataryaya Kýsa Devre""";
"B1216,""Acil Durum Anahtarý Devresi Þasiye Kýsa Devre""";
"B1217,""Korna Röle Bobini Devre Arýzasý""";
"B1218,""Korna Röle Bobini Devre Bataryaya Kýsa Devre""";
"B1219,""Yakýt Deposu Basýnç Sensörü Devre Arýzasý""";
"B1220,""Yakýt Deposu Basýnç Sensörü Devre Açýk""";
"B1221,""Yakýt Deposu Basýnç Sensörü Devre Þasiye Kýsa Devre""";
"B1222,""Yakýt Deposu Basýnç Sensörü Devre Bataryaya Kýsa Devre""";
"B1223,""Yakýt Seviye Sensörü 2 Devre Arýzasý""";
"B1224,""Yakýt Seviye Sensörü 2 Devre Açýk""";
"B1225,""Yakýt Seviye Sensörü 2 Devre Þasiye Kýsa Devre""";
"B1226,""Yakýt Seviye Sensörü 2 Devre Bataryaya Kýsa Devre""";
"B1227,""Hava Sýcaklýðý Sensörü (Dýþ) Devre Arýzasý""";
"B1228,""Hava Sýcaklýðý Sensörü (Dýþ) Devre Açýk""";
"B1229,""Hava Sýcaklýðý Sensörü (Dýþ) Devre Þasiye Kýsa Devre""";
"B1231,""Boylamsal Ývme Eþik Deðeri Aþýldý""";
"B1232,""Hava Sýcaklýðý Sensörü (Dýþ) Devre Bataryaya Kýsa Devre""";
"B1233,""Cam Kýrýlma Sensörü Sinyali Eksik""";
"B1234,""Ayna Anahtarý Geçersiz Kod""";
"B1235,""Pencere Geri Bildirim Arýzasý""";
"B1236,""Pencere Geri Bildirim Kaybý""";
"B1237,""Pencere Geri Bildirim Menzil Dýþý""";
"B1238,""Hava Sýcaklýðý Sensörü (Ýç) Devre Arýzasý""";
"B1239,""Hava Karýþým Kapýsý Sürücüsü Arýzasý""";
"B1240,""Hava Sýcaklýðý Sensörü (Ýç) Devre Açýk""";
"B1241,""Hava Sýcaklýðý Sensörü (Ýç) Devre Þasiye Kýsa Devre""";
"B1242,""Hava Sýcaklýðý Sensörü (Ýç) Devre Bataryaya Kýsa Devre""";
"B1243,""Ekspres Pencere Aþaðý Anahtarý Þasiye Kýsa Devre""";
"B1244,""Silecek Arka Motoru Devre Arýzasý""";
"B1245,""Silecek Arka Motoru Devre Açýk""";
"B1246,""Dimmer Potansiyometre Devre Arýzasý""";
"B1247,""Panel Dimmer Anahtarý Devresi Açýk""";
"B1248,""Arka Koltuk Yolcu Tarafý Arkalýk Yatýrma Anahtarý Þasiye Kýsa Devre""";
"B1249,""Hava Karýþým Kapýsý Motoru Sýkýþmýþ""";
"B1250,""Hava Sýcaklýðý Sensörü (Ýç) Devre Arýzasý""";
"B1251,""Hava Sýcaklýðý Sensörü (Ýç) Devre Açýk""";
"B1252,""Hava Sýcaklýðý Sensörü (Ýç) Devre Þasiye Kýsa Devre""";
"B1253,""Hava Sýcaklýðý Sensörü (Ýç) Devre Bataryaya Kýsa Devre""";
"B1254,""Hava Sýcaklýðý Sensörü (Dýþ) Devre Arýzasý""";
"B1255,""Hava Sýcaklýðý Sensörü (Dýþ) Devre Açýk""";
"B1256,""Hava Sýcaklýðý Sensörü (Dýþ) Devre Þasiye Kýsa Devre""";
"B1257,""Hava Sýcaklýðý Sensörü (Dýþ) Devre Bataryaya Kýsa Devre""";
"B1258,""Güneþ Radyasyonu Sensörü Devre Arýzasý""";
"B1259,""Güneþ Radyasyonu Sensörü Devre Açýk""";
"B1260,""Güneþ Radyasyonu Sensörü Devre Þasiye Kýsa Devre""";
"B1261,""Güneþ Radyasyonu Sensörü Devre Bataryaya Kýsa Devre""";
"B1262,""Servo Motor Buz Çözücü (Defrost) Devre Arýzasý""";
"B1263,""Servo Motor Havalandýrma Devre Arýzasý""";
"B1264,""Servo Motor Ayak Devre Arýzasý""";
"B1265,""Servo Motor Soðuk Hava Karýþým Devre Arýzasý""";
"B1266,""Servo Motor Sol Sýcaklýk Devre Arýzasý""";
"B1267,""Servo Motor Sað Sýcaklýk Devre Arýzasý""";
"B1268,""Potansiyometre Buz Çözücü Devre Arýzasý""";
"B1269,""Potansiyometre Buz Çözücü Devre Açýk""";
"B1270,""Potansiyometre Buz Çözücü Devre Þasiye Kýsa Devre""";
"B1271,""Potansiyometre Buz Çözücü Devre Bataryaya Kýsa Devre""";
"B1272,""Potansiyometre Havalandýrma Devre Arýzasý""";
"B1273,""Potansiyometre Havalandýrma Devre Açýk""";
"B1274,""Potansiyometre Havalandýrma Devre Þasiye Kýsa Devre""";
"B1275,""Potansiyometre Havalandýrma Devre Bataryaya Kýsa Devre""";
"B1276,""Potansiyometre Ayak Devre Arýzasý""";
"B1277,""Potansiyometre Ayak Devre Açýk""";
"B1278,""Potansiyometre Ayak Devre Þasiye Kýsa Devre""";
"B1279,""Potansiyometre Ayak Devre Bataryaya Kýsa Devre""";
"B1280,""Potansiyometre Soðuk Hava Karýþým Devre Arýzasý""";
"B1281,""Potansiyometre Soðuk Hava Karýþým Devre Açýk""";
"B1282,""Potansiyometre Soðuk Hava Karýþým Devre Þasiye Kýsa Devre""";
"B1283,""Potansiyometre Soðuk Hava Karýþým Devre Bataryaya Kýsa Devre""";
"B1284,""Potansiyometre Sol Sýcaklýk Devre Arýzasý""";
"B1285,""Potansiyometre Sol Sýcaklýk Devre Açýk""";
"B1286,""Potansiyometre Sol Sýcaklýk Devre Þasiye Kýsa Devre""";
"B1287,""Potansiyometre Sol Sýcaklýk Devre Bataryaya Kýsa Devre""";
"B1288,""Potansiyometre Sað Sýcaklýk Devre Arýzasý""";
"B1289,""Potansiyometre Sað Sýcaklýk Devre Açýk""";
"B1290,""Potansiyometre Sað Sýcaklýk Devre Þasiye Kýsa Devre""";
"B1291,""Potansiyometre Sað Sýcaklýk Devre Bataryaya Kýsa Devre""";
"B1292,""Akü Voltajý Menzil Dýþý""";
"B1293,""Akü Voltajý Düþük""";
"B1294,""Akü Voltajý Yüksek""";
"B1295,""Potansiyometre Arka Hava Devre Arýzasý""";
"B1296,""Potansiyometre Arka Hava Devre Açýk""";
"B1297,""Potansiyometre Arka Hava Devre Þasiye Kýsa Devre""";
"B1298,""Potansiyometre Arka Hava Devre Bataryaya Kýsa Devre""";
"B1299,""Potansiyometre Arka Hava Devre Kesintili""";
"B1300,""Güçlü Kapý Kilidi Devre Arýzasý""";
"B1301,""Güçlü Kapý Kilidi Devre Açýk""";
"B1302,""Aksesuar Gecikme Röle Bobini Devre Arýzasý""";
"B1303,""Aksesuar Gecikme Röle Bobini Devre Açýk""";
"B1304,""Aksesuar Gecikme Röle Bobini Devre Þasiye Kýsa Devre""";
"B1305,""Aksesuar Gecikme Röle Bobini Devre Bataryaya Kýsa Devre""";
"B1306,""Yað Seviye Sensörü Devre Arýzasý""";
"B1307,""Yað Seviye Sensörü Devre Açýk""";
"B1308,""Yað Seviye Sensörü Devre Þasiye Kýsa Devre""";
"B1309,""Kapý Kilidi Tüm Kapýlar Devre Arýzasý""";
"B1310,""Kapý Kilidi Tüm Kapýlar Devre Þasiye Kýsa Devre""";
"B1311,""Kapý Kilidi Tüm Kapýlar Devre Açýk""";
"B1312,""Lamba Far Giriþ Devre Arýzasý""";
"B1313,""Akü Voltajý Menzil Dýþý""";
"B1314,""Akü Voltajý Düþük""";
"B1315,""Akü Voltajý Yüksek""";
"B1316,""Lamba Sis Giriþ Devre Arýzasý""";
"B1317,""Akü Voltajý Yüksek""";
"B1318,""Akü Voltajý Düþük""";
"B1319,""Sürücü Kapýsý Kilit Kilidi (Deadlock) Motoru Arýzasý""";
"B1320,""Sürücü Kapýsý Kilit Kilidi (Deadlock) Motoru Açýk""";
"B1321,""Sürücü Kapýsý Kilit Kilidi (Deadlock) Motoru Þasiye Kýsa Devre""";
"B1322,""Sürücü Kapýsý Kilit Kilidi (Deadlock) Motoru Bataryaya Kýsa Devre""";
"B1323,""Kapý Açýk Ýkaz Lambasý Devre Arýzasý""";
"B1324,""Kapý Açýk Ýkaz Lambasý Devre Açýk""";
"B1325,""Kapý Açýk Ýkaz Lambasý Devre Þasiye Kýsa Devre""";
"B1326,""Kapý Açýk Ýkaz Lambasý Devre Bataryaya Kýsa Devre""";
"B1327,""Yolcu Kapýsý Kilit Kilidi (Deadlock) Motoru Arýzasý""";
"B1328,""Yolcu Kapýsý Kilit Kilidi (Deadlock) Motoru Açýk""";
"B1329,""Yolcu Kapýsý Kilit Kilidi (Deadlock) Motoru Þasiye Kýsa Devre""";
"B1330,""Yolcu Kapýsý Kilit Kilidi (Deadlock) Motoru Bataryaya Kýsa Devre""";
"B1331,""Arka Sol Kapý Kilit Kilidi (Deadlock) Motoru Arýzasý""";
"B1332,""Arka Sol Kapý Kilit Kilidi (Deadlock) Motoru Açýk""";
"B1333,""Arka Sol Kapý Kilit Kilidi (Deadlock) Motoru Þasiye Kýsa Devre""";
"B1334,""Arka Sol Kapý Kilit Kilidi (Deadlock) Motoru Bataryaya Kýsa Devre""";
"B1335,""Arka Sað Kapý Kilit Kilidi (Deadlock) Motoru Arýzasý""";
"B1336,""Arka Sað Kapý Kilit Kilidi (Deadlock) Motoru Açýk""";
"B1337,""Arka Sað Kapý Kilit Kilidi (Deadlock) Motoru Þasiye Kýsa Devre""";
"B1338,""Arka Sað Kapý Kilit Kilidi (Deadlock) Motoru Bataryaya Kýsa Devre""";
"B1339,""Lamba Arka Sis Giriþ Devre Arýzasý""";
"B1340,""Lamba Arka Sis Giriþ Devre Açýk""";
"B1341,""Lamba Arka Sis Giriþ Devre Þasiye Kýsa Devre""";
"B1342,""ECU (Elektronik Kontrol Ünitesi) Arýzalý""";
"B1343,""Arka Isýtýcý/Buz Çözücü Devre Arýzasý""";
"B1344,""Arka Isýtýcý/Buz Çözücü Devre Açýk""";
"B1345,""Arka Isýtýcý/Buz Çözücü Devre Þasiye Kýsa Devre""";
"B1346,""Arka Isýtýcý/Buz Çözücü Devre Bataryaya Kýsa Devre""";
"B1347,""Silecek Arka Yýkama Pompasý Röle Devre Arýzasý""";
"B1348,""Silecek Arka Yýkama Pompasý Röle Devre Açýk""";
"B1349,""Silecek Arka Yýkama Pompasý Röle Devre Þasiye Kýsa Devre""";
"B1350,""Silecek Arka Yýkama Pompasý Röle Devre Bataryaya Kýsa Devre""";
"B1351,""Kontak Anahtarý Hatýrlatma Devresi Bataryaya Kýsa Devre""";
"B1352,""Kontak Anahtarý Hatýrlatma Devresi Arýzasý""";
"B1353,""Kontak Anahtarý Hatýrlatma Devresi Açýk""";
"B1354,""Kontak Anahtarý Hatýrlatma Devresi Þasiye Kýsa Devre""";
"B1355,""Kontak Çalýþtýrma Devre Arýzasý""";
"B1356,""Kontak Çalýþtýrma Devre Açýk""";
"B1357,""Kontak Çalýþtýrma Devre Þasiye Kýsa Devre""";
"B1358,""Kontak Çalýþtýrma Devre Bataryaya Kýsa Devre""";
"B1359,""Kontak Aksesuar Devre Arýzasý""";
"B1360,""Kontak Aksesuar Devre Açýk""";
"B1361,""Kontak Aksesuar Devre Þasiye Kýsa Devre""";
"B1362,""Kontak Aksesuar Devre Bataryaya Kýsa Devre""";
"B1363,""Kontak Baþlatma Devre Arýzasý""";
"B1364,""Kontak Baþlatma Devre Açýk""";
"B1365,""Kontak Baþlatma Devre Þasiye Kýsa Devre""";
"B1366,""Kontak Baþlatma Devre Bataryaya Kýsa Devre""";
"B1367,""Kontak Takometre Devre Arýzasý""";
"B1368,""Kontak Takometre Devre Açýk""";
"B1369,""Kontak Takometre Devre Þasiye Kýsa Devre""";
"B1370,""Kontak Takometre Devre Bataryaya Kýsa Devre""";
"B1371,""Ýç Aydýnlatma Röle Devre Arýzasý""";
"B1372,""Ýç Aydýnlatma Röle Devre Açýk""";
"B1373,""Ýç Aydýnlatma Röle Devre Þasiye Kýsa Devre""";
"B1374,""Ýç Aydýnlatma Röle Devre Bataryaya Kýsa Devre""";
"B1375,""Yað Deðiþim Lambasý Devre Arýzasý""";
"B1376,""Yað Deðiþim Lambasý Devre Açýk""";
"B1377,""Yað Deðiþim Lambasý Devre Þasiye Kýsa Devre""";
"B1378,""Yað Deðiþim Lambasý Devre Bataryaya Kýsa Devre""";
"B1379,""Yað Basýnç Sensörü Devre Arýzasý""";
"B1380,""Yað Basýnç Sensörü Devre Açýk""";
"B1381,""Yað Basýnç Sensörü Devre Þasiye Kýsa Devre""";
"B1382,""Yað Basýnç Sensörü Devre Bataryaya Kýsa Devre""";
"B1383,""Yað Sýcaklýk Sensörü Devre Arýzasý""";
"B1384,""Yað Sýcaklýk Sensörü Devre Açýk""";
"B1385,""Yað Sýcaklýk Sensörü Devre Þasiye Kýsa Devre""";
"B1386,""Yað Sýcaklýk Sensörü Devre Bataryaya Kýsa Devre""";
"B1387,""Hava Sýcaklýðý Sensörü (Dýþ) Devre Arýzasý""";
"B1388,""Hava Sýcaklýðý Sensörü (Dýþ) Devre Açýk""";
"B1389,""Hava Sýcaklýðý Sensörü (Dýþ) Devre Þasiye Kýsa Devre""";
"B1390,""Hava Sýcaklýðý Sensörü (Dýþ) Devre Bataryaya Kýsa Devre""";
"B1391,""Hava Sýcaklýðý Sensörü (Ýç) Devre Arýzasý""";
"B1392,""Hava Sýcaklýðý Sensörü (Ýç) Devre Açýk""";
"B1393,""Hava Sýcaklýðý Sensörü (Ýç) Devre Þasiye Kýsa Devre""";
"B1394,""Hava Sýcaklýðý Sensörü (Ýç) Devre Bataryaya Kýsa Devre""";
"B1395,""Akü Voltajý Menzil Dýþý""";
"B1396,""Akü Voltajý Düþük""";
"B1397,""Akü Voltajý Yüksek""";
"B1398,""Sürücü Kapýsý Pencere Tek Dokunuþ Röle Devre Arýzasý""";
"B1399,""Sürücü Kapýsý Pencere Tek Dokunuþ Röle Devre Açýk""";
"B1400,""Sürücü Kapýsý Pencere Tek Dokunuþ Röle Devre Þasiye Kýsa Devre""";
"B1401,""Sürücü Kapýsý Pencere Tek Dokunuþ Röle Devre Bataryaya Kýsa Devre""";
"B1402,""Sürücü Kapýsý Pencere Anahtarý Devre Arýzasý""";
"B1403,""Sürücü Kapýsý Pencere Anahtarý Devre Açýk""";
"B1404,""Sürücü Kapýsý Pencere Anahtarý Devre Þasiye Kýsa Devre""";
"B1405,""Sürücü Kapýsý Pencere Anahtarý Devre Bataryaya Kýsa Devre""";
"B1406,""Sürücü Kapýsý Pencere Sýkýþmýþ""";
"B1407,""Sürücü Kapýsý Pencere Sýkýþmýþ""";
"B1408,""Yolcu Kapýsý Pencere Anahtarý Devre Arýzasý""";
"B1409,""Yolcu Kapýsý Pencere Anahtarý Devre Açýk""";
"B1410,""Yolcu Kapýsý Pencere Anahtarý Devre Þasiye Kýsa Devre""";
"B1411,""Yolcu Kapýsý Pencere Anahtarý Devre Bataryaya Kýsa Devre""";
"B1412,""Yolcu Kapýsý Pencere Sýkýþmýþ""";
"B1413,""Arka Sol Kapý Pencere Anahtarý Devre Arýzasý""";
"B1414,""Arka Sol Kapý Pencere Anahtarý Devre Açýk""";
"B1415,""Arka Sol Kapý Pencere Anahtarý Devre Þasiye Kýsa Devre""";
"B1416,""Arka Sol Kapý Pencere Anahtarý Devre Bataryaya Kýsa Devre""";
"B1417,""Arka Sol Kapý Pencere Sýkýþmýþ""";
"B1418,""Arka Sað Kapý Pencere Anahtarý Devre Arýzasý""";
"B1419,""Arka Sað Kapý Pencere Anahtarý Devre Açýk""";
"B1420,""Arka Sað Kapý Pencere Anahtarý Devre Þasiye Kýsa Devre""";
"B1421,""Arka Sað Kapý Pencere Anahtarý Devre Bataryaya Kýsa Devre""";
"B1422,""Arka Sað Kapý Pencere Sýkýþmýþ""";
"B1423,""Ayna Sürücü Tarafý Motor Arýzasý""";
"B1424,""Ayna Sürücü Tarafý Motor Açýk""";
"B1425,""Ayna Sürücü Tarafý Motor Þasiye Kýsa Devre""";
"B1426,""Ayna Sürücü Tarafý Motor Bataryaya Kýsa Devre""";
"B1427,""Ayna Yolcu Tarafý Motor Arýzasý""";
"B1428,""Ayna Yolcu Tarafý Motor Açýk""";
"B1429,""Ayna Yolcu Tarafý Motor Þasiye Kýsa Devre""";
"B1430,""Ayna Yolcu Tarafý Motor Bataryaya Kýsa Devre""";
"B1431,""Silecek Ön Motor Röle Devre Arýzasý""";
"B1432,""Silecek Ön Motor Röle Devre Açýk""";
"B1433,""Silecek Ön Motor Röle Devre Þasiye Kýsa Devre""";
"B1434,""Silecek Ön Motor Röle Devre Bataryaya Kýsa Devre""";
"B1435,""Silecek Ön Hýz Seçim Anahtarý Devre Arýzasý""";
"B1436,""Silecek Ön Hýz Seçim Anahtarý Devre Açýk""";
"B1437,""Silecek Ön Hýz Seçim Anahtarý Devre Þasiye Kýsa Devre""";
"B1438,""Silecek Ön Hýz Seçim Anahtarý Devre Bataryaya Kýsa Devre""";
"B1439,""Silecek Ön Park Sensörü Devre Arýzasý""";
"B1440,""Silecek Ön Park Sensörü Devre Açýk""";
"B1441,""Silecek Ön Park Sensörü Devre Þasiye Kýsa Devre""";
"B1442,""Silecek Ön Park Sensörü Devre Bataryaya Kýsa Devre""";
"B1443,""Silecek Ön Motor Arýzasý""";
"B1444,""Silecek Ön Motor Açýk""";
"B1445,""Silecek Ön Motor Þasiye Kýsa Devre""";
"B1446,""Silecek Ön Motor Bataryaya Kýsa Devre""";
"B1447,""Silecek Arka Hýz Seçim Anahtarý Devre Arýzasý""";
"B1448,""Silecek Arka Hýz Seçim Anahtarý Devre Açýk""";
"B1449,""Silecek Arka Hýz Seçim Anahtarý Devre Þasiye Kýsa Devre""";
"B1450,""Silecek Arka Hýz Seçim Anahtarý Devre Bataryaya Kýsa Devre""";
"B1451,""Silecek Arka Park Sensörü Devre Arýzasý""";
"B1452,""Silecek Arka Park Sensörü Devre Açýk""";
"B1453,""Silecek Arka Park Sensörü Devre Þasiye Kýsa Devre""";
"B1454,""Silecek Arka Park Sensörü Devre Bataryaya Kýsa Devre""";
"B1455,""Silecek Arka Motor Arýzasý""";
"B1456,""Silecek Arka Motor Açýk""";
"B1457,""Silecek Arka Motor Þasiye Kýsa Devre""";
"B1458,""Silecek Arka Motor Bataryaya Kýsa Devre""";
"B1459,""Adaptif Hýz Sabitleyici (ACC) Modu Anahtarý Devresi Arýzasý""";
"B1460,""Adaptif Hýz Sabitleyici (ACC) Modu Anahtarý Devresi Açýk""";
"B1461,""Adaptif Hýz Sabitleyici (ACC) Modu Anahtarý Devresi Þasiye Kýsa Devre""";
"B1462,""Adaptif Hýz Sabitleyici (ACC) Modu Anahtarý Devresi Bataryaya Kýsa Devre""";
"B1463,""Silecek Arka Hýz Seçim Anahtarý Devresi Arýzasý""";
"B1464,""Silecek Arka Hýz Seçim Anahtarý Devresi Açýk""";
"B1501,""Sinyal Lambasý Sað Devre Açýk""";
"B1502,""Sinyal Lambasý Sað Þasiye Kýsa Devre""";
"B1503,""Sinyal Lambasý Sað Güce Kýsa Devre""";
"B1504,""Sinyal Lambasý Sol Devre Arýzasý""";
"B1505,""Sinyal Lambasý Sol Devre Açýk""";
"B1506,""Sinyal Lambasý Sol Þasiye Kýsa Devre""";
"B1507,""Sinyal Lambasý Sol Güce Kýsa Devre""";
"B1508,""Sinyal Lambasý Flaþör Anahtarý Devre Arýzasý""";
"B1509,""Sinyal Lambasý Flaþör Anahtarý Devre Açýk""";
"B1510,""Sinyal Lambasý Flaþör Anahtarý Þasiye Kýsa Devre""";
"B1511,""Sinyal Lambasý Flaþör Anahtarý Güce Kýsa Devre""";
"B1512,""Sürücü Kapýsý Kolu Anahtarý Devre Arýzasý""";
"B1513,""Sürücü Kapýsý Kolu Anahtarý Güce Kýsa Devre""";
"B1514,""Sürücü Kapýsý Kolu Anahtarý Devre Açýk""";
"B1515,""Sürücü Kapýsý Kolu Anahtarý Þasiye Kýsa Devre""";
"B1516,""Koltuk Sürücü Tarafý Hafýza Anahtarý Devre Arýzasý""";
"B1517,""Koltuk Sürücü Tarafý Hafýza Anahtarý Devre Açýk""";
"B1518,""Koltuk Sürücü Tarafý Hafýza Anahtarý Þasiye Kýsa Devre""";
"B1519,""Koltuk Sürücü Tarafý Hafýza Anahtarý Güce Kýsa Devre""";
"B1520,""Koltuk Yolcu Tarafý Hafýza Anahtarý Devre Arýzasý""";
"B1521,""Ayna Sürücü Tarafý Isýtýcý Devre Arýzasý""";
"B1522,""Ayna Yolcu Tarafý Isýtýcý Devre Arýzasý""";
"B1523,""Anahtar Aydýnlatma Devre Arýzasý""";
"B1524,""Anahtar Aydýnlatma Devre Açýk""";
"B1525,""Anahtar Aydýnlatma Þasiye Kýsa Devre""";
"B1526,""Anahtar Aydýnlatma Güce Kýsa Devre""";
"B1527,""Hava Yastýðý Devre Dýþý Býrakma Anahtarý Devre Arýzasý""";
"B1528,""Hava Yastýðý Devre Dýþý Býrakma Anahtarý Devre Açýk""";
"B1529,""Hava Yastýðý Devre Dýþý Býrakma Anahtarý Þasiye Kýsa Devre""";
"B1530,""Hava Yastýðý Devre Dýþý Býrakma Anahtarý Güce Kýsa Devre""";
"B1531,""Park Lambasý Anahtarý Devre Arýzasý""";
"B1532,""Park Lambasý Anahtarý Devre Açýk""";
"B1533,""Park Lambasý Anahtarý Þasiye Kýsa Devre""";
"B1534,""Park Lambasý Anahtarý Güce Kýsa Devre""";
"B1535,""Arka Cam Sileceði Yýkama Pompasý Devre Arýzasý""";
"B1536,""Arka Cam Sileceði Yýkama Pompasý Devre Açýk""";
"B1537,""Arka Cam Sileceði Yýkama Pompasý Þasiye Kýsa Devre""";
"B1538,""Arka Cam Sileceði Yýkama Pompasý Güce Kýsa Devre""";
"B1539,""Ayna Sürücü Tarafý Anahtarý Devre Arýzasý""";
"B1540,""Ayna Sürücü Tarafý Anahtarý Devre Açýk""";
"B1541,""Ayna Sürücü Tarafý Anahtarý Þasiye Kýsa Devre""";
"B1542,""Ayna Sürücü Tarafý Anahtarý Güce Kýsa Devre""";
"B1543,""Ayna Yolcu Tarafý Anahtarý Devre Arýzasý""";
"B1544,""Ayna Yolcu Tarafý Anahtarý Devre Açýk""";
"B1545,""Ayna Yolcu Tarafý Anahtarý Þasiye Kýsa Devre""";
"B1546,""Ayna Yolcu Tarafý Anahtarý Güce Kýsa Devre""";
"B1547,""Cam Motoru Güç Devresi Þasiye Kýsa Devre""";
"B1548,""Koltuk Sürücü Isýtýcý Devre Arýzasý""";
"B1549,""Koltuk Sürücü Isýtýcý Þasiye Kýsa Devre""";
"B1550,""Koltuk Yolcu Isýtýcý Devre Arýzasý""";
"B1551,""Bagaj Kapaðý Serbest Býrakma Devre Arýzasý""";
"B1552,""Bagaj Kapaðý Serbest Býrakma Devre Açýk""";
"B1553,""Bagaj Kapaðý Serbest Býrakma Þasiye Kýsa Devre""";
"B1554,""Bagaj Kapaðý Serbest Býrakma Güce Kýsa Devre""";
"B1555,""Kontak Çalýþtýrma/Arka Buz Çözücü Röle Devre Arýzasý""";
"B1556,""Silecek Yýkama Ýsteði Devre Þasiye Kýsa Devre""";
"B1557,""Silecek Yýkama Ýsteði Devre Güce Kýsa Devre""";
"B1558,""Kontak Baþlatma Devre Arýzasý""";
"B1559,""Kapý Kilidi Silindir Anahtarý Devre Arýzasý""";
"B1560,""Kapý Kilidi Silindir Anahtarý Devre Açýk""";
"B1561,""Kapý Kilidi Silindir Anahtarý Þasiye Kýsa Devre""";
"B1562,""Kapý Kilidi Silindir Anahtarý Güce Kýsa Devre""";
"B1563,""Kapý Açýk Ýkaz Devresi Þasiye Kýsa Devre""";
"B1564,""Sürücü Kapýsý Kilit Kilidi (Deadlock) Motoru Þasiye Kýsa Devre""";
"B1565,""Giriþ Lambasý Devre Arýzasý""";
"B1566,""Giriþ Lambasý Devre Açýk""";
"B1567,""Giriþ Lambasý Þasiye Kýsa Devre""";
"B1568,""Giriþ Lambasý Güce Kýsa Devre""";
"B1569,""Ýç Aydýnlatma Gecikme Devresi Güce Kýsa Devre""";
"B1570,""Ýç Aydýnlatma Gecikme Devresi Þasiye Kýsa Devre""";
"B1571,""Yolcu Kapýsý Kilit Kilidi (Deadlock) Motoru Þasiye Kýsa Devre""";
"B1572,""Arka Sol Kapýsý Kilit Kilidi (Deadlock) Motoru Þasiye Kýsa Devre""";
"B1573,""Arka Sað Kapýsý Kilit Kilidi (Deadlock) Motoru Þasiye Kýsa Devre""";
"B1574,""Bagaj Kilidi Silindir Anahtarý Devre Arýzasý""";
"B1575,""Bagaj Kilidi Silindir Anahtarý Devre Açýk""";
"B1576,""Bagaj Kilidi Silindir Anahtarý Þasiye Kýsa Devre""";
"B1577,""Bagaj Kilidi Silindir Anahtarý Güce Kýsa Devre""";
"B1578,""Hava Yastýðý Devre Dýþý Ýkaz Lambasý Güce Kýsa Devre""";
"B1579,""Dimmer Giriþ Devresi Þasiye Kýsa Devre""";
"B1580,""Dimmer Giriþ Devresi Güce Kýsa Devre""";
"B1581,""Hava Sýcaklýðý Sensörü (Dýþ) Devre Þasiye Kýsa Devre""";
"B1582,""Hava Sýcaklýðý Sensörü (Dýþ) Devre Güce Kýsa Devre""";
"B1583,""Ayna Isýtýcý Çýkýþ Devresi Þasiye Kýsa Devre""";
"B1584,""Ayna Isýtýcý Çýkýþ Devresi Güce Kýsa Devre""";
"B1585,""Hava Sýcaklýðý Sensörü (Dýþ) Devre Arýzasý""";
"B1586,""Hava Sýcaklýðý Sensörü (Dýþ) Devre Açýk""";
"B1587,""Hava Sýcaklýðý Sensörü (Ýç) Devre Þasiye Kýsa Devre""";
"B1588,""Hava Sýcaklýðý Sensörü (Ýç) Devre Güce Kýsa Devre""";
"B1589,""Hava Sýcaklýðý Sensörü (Ýç) Devre Arýzasý""";
"B1590,""Hava Sýcaklýðý Sensörü (Ýç) Devre Açýk""";
"B1591,""Ayna Isýtýcý Anahtarý Devre Þasiye Kýsa Devre""";
"B1592,""Ayna Isýtýcý Anahtarý Devre Arýzasý""";
"B1593,""Ayna Isýtýcý Anahtarý Devre Açýk""";
"B1594,""Ayna Isýtýcý Anahtarý Devre Güce Kýsa Devre""";
"B1595,""Kontak Anahtarý Geçersiz Giriþ""";
"B1596,""Sürekli Servis Kodlarý (Service Codes)""";
"B1597,""Vites Kolu Koltuðu Þasiye Kýsa Devre""";
"B1598,""Vites Kolu Koltuðu Güce Kýsa Devre""";
"B1599,""Vites Kolu Koltuðu Devre Arýzasý""";
"B1600,""PATS Kontak Anahtarý Sinyali Alýnamadý""";
"B1601,""PATS Geçersiz Anahtar Kodu Alýndý""";
"B1602,""PATS Geçersiz Formatlý Anahtar Kodu Alýndý""";
"B1603,""Lamba Gösterge Paneli Giriþ Devre Arýzasý""";
"B1604,""Lamba Gösterge Paneli Giriþ Devre Açýk""";
"B1605,""Lamba Gösterge Paneli Giriþ Devre Güce Kýsa Devre""";
"B1606,""Lamba Gösterge Paneli Giriþ Devre Þasiye Kýsa Devre""";
"B1607,""Aydýnlatmalý Giriþ Devre Arýzasý""";
"B1608,""Aydýnlatmalý Giriþ Devre Açýk""";
"B1609,""Aydýnlatmalý Giriþ Devre Güce Kýsa Devre""";
"B1610,""Aydýnlatmalý Giriþ Devre Þasiye Kýsa Devre""";
"B1611,""Arka Cam Silecek Modu Seçim Anahtarý Devre Arýzasý""";
"B1612,""Arka Cam Silecek Modu Seçim Anahtarý Devre Açýk""";
"B1613,""Arka Cam Silecek Modu Seçim Anahtarý Devre Güce Kýsa Devre""";
"B1614,""Arka Cam Silecek Modu Seçim Anahtarý Devre Þasiye Kýsa Devre""";
"B1615,""Arka Cam Silecek Park Sensörü Devre Arýzasý""";
"B1616,""Arka Cam Silecek Park Sensörü Devre Açýk""";
"B1617,""Arka Cam Silecek Park Sensörü Devre Güce Kýsa Devre""";
"B1618,""Arka Cam Silecek Park Sensörü Devre Þasiye Kýsa Devre""";
"B1619,""Arka Cam Silecek Yýkama Sývý Sensörü Devre Arýzasý""";
"B1620,""Arka Cam Silecek Yýkama Sývý Sensörü Devre Açýk""";
"B1621,""Arka Cam Silecek Yýkama Sývý Sensörü Devre Güce Kýsa Devre""";
"B1622,""Arka Cam Silecek Yýkama Sývý Sensörü Devre Þasiye Kýsa Devre""";
"B1623,""Lamba Kütük Aydýnlatma Çýkýþ Devre Güce Kýsa Devre""";
"B1624,""Lamba Kütük Aydýnlatma Çýkýþ Devre Þasiye Kýsa Devre""";
"B1625,""Lamba Kütük Aydýnlatma Çýkýþ Devre Arýzasý""";
"B1626,""Lamba Kütük Aydýnlatma Çýkýþ Devre Açýk""";
"B1627,""PRNDL Geri Bildirim Giriþ Devre Arýzasý""";
"B1628,""PRNDL Geri Bildirim Giriþ Devre Açýk""";
"B1629,""PRNDL Geri Bildirim Giriþ Devre Güce Kýsa Devre""";
"B1630,""PRNDL Geri Bildirim Giriþ Devre Þasiye Kýsa Devre""";
"B1631,""Ayna Sürücü Tarafý Sol/Sað Devre Arýzasý""";
"B1632,""Ayna Sürücü Tarafý Sol/Sað Devre Açýk""";
"B1633,""Ayna Sürücü Tarafý Sol/Sað Devre Güce Kýsa Devre""";
"B1634,""Ayna Sürücü Tarafý Sol/Sað Devre Þasiye Kýsa Devre""";
"B1635,""Ayna Yolcu Tarafý Sol/Sað Devre Arýzasý""";
"B1636,""Ayna Yolcu Tarafý Sol/Sað Devre Açýk""";
"B1637,""Ayna Yolcu Tarafý Sol/Sað Devre Güce Kýsa Devre""";
"B1638,""Ayna Yolcu Tarafý Sol/Sað Devre Þasiye Kýsa Devre""";
"B1639,""Ayna Sürücü Tarafý Yukarý/Aþaðý Devre Arýzasý""";
"B1640,""Ayna Sürücü Tarafý Yukarý/Aþaðý Devre Açýk""";
"B1641,""Ayna Sürücü Tarafý Yukarý/Aþaðý Devre Güce Kýsa Devre""";
"B1642,""Ayna Sürücü Tarafý Yukarý/Aþaðý Devre Þasiye Kýsa Devre""";
"B1643,""Ayna Yolcu Tarafý Yukarý/Aþaðý Devre Arýzasý""";
"B1644,""Ayna Yolcu Tarafý Yukarý/Aþaðý Devre Açýk""";
"B1645,""Ayna Yolcu Tarafý Yukarý/Aþaðý Devre Güce Kýsa Devre""";
"B1646,""Ayna Yolcu Tarafý Yukarý/Aþaðý Devre Þasiye Kýsa Devre""";
"B1647,""Koltuk Sürücü Tarafý Geri Yatýrma Motoru Devre Arýzasý""";
"B1648,""Koltuk Sürücü Tarafý Geri Yatýrma Motoru Devre Açýk""";
"B1649,""Koltuk Sürücü Tarafý Geri Yatýrma Motoru Devre Güce Kýsa Devre""";
"B1650,""Koltuk Sürücü Tarafý Geri Yatýrma Motoru Devre Þasiye Kýsa Devre""";
"B1651,""Koltuk Yolcu Tarafý Geri Yatýrma Motoru Devre Arýzasý""";
"B1652,""Koltuk Yolcu Tarafý Geri Yatýrma Motoru Devre Açýk""";
"B1653,""Koltuk Yolcu Tarafý Geri Yatýrma Motoru Devre Güce Kýsa Devre""";
"B1654,""Koltuk Yolcu Tarafý Geri Yatýrma Motoru Devre Þasiye Kýsa Devre""";
"B1655,""Koltuk Sürücü Tarafý Arka Yükseklik Motoru Devre Arýzasý""";
"B1656,""Koltuk Sürücü Tarafý Arka Yükseklik Motoru Devre Açýk""";
"B1657,""Koltuk Sürücü Tarafý Arka Yükseklik Motoru Devre Güce Kýsa Devre""";
"B1658,""Koltuk Sürücü Tarafý Arka Yükseklik Motoru Devre Þasiye Kýsa Devre""";
"B1659,""Koltuk Sürücü Tarafý Ön Yükseklik Motoru Devre Arýzasý""";
"B1660,""Koltuk Sürücü Tarafý Ön Yükseklik Motoru Devre Açýk""";
"B1661,""Koltuk Sürücü Tarafý Ön Yükseklik Motoru Devre Güce Kýsa Devre""";
"B1662,""Koltuk Sürücü Tarafý Ön Yükseklik Motoru Devre Þasiye Kýsa Devre""";
"B1663,""Koltuk Sürücü Tarafý Ýleri/Geri Motoru Sýkýþmýþ""";
"B1664,""Koltuk Sürücü Tarafý Ön Yükseklik Motoru Sýkýþmýþ""";
"B1665,""Koltuk Sürücü Tarafý Arka Yükseklik Motoru Sýkýþmýþ""";
"B1666,""Koltuk Sürücü Tarafý Geri Yatýrma Motoru Sýkýþmýþ""";
"B1667,""Ayna Sürücü Tarafý Katlama Motoru Devre Arýzasý""";
"B1668,""Ayna Yolcu Tarafý Katlama Motoru Devre Arýzasý""";
"B1669,""Ayna Sürücü Tarafý Katlama Motoru Devre Açýk""";
"B1670,""Ayna Sürücü Tarafý Katlama Motoru Devre Güce Kýsa Devre""";
"B1671,""Ayna Sürücü Tarafý Katlama Motoru Devre Þasiye Kýsa Devre""";
"B1672,""Ayna Yolcu Tarafý Katlama Motoru Devre Açýk""";
"B1673,""Ayna Yolcu Tarafý Katlama Motoru Devre Güce Kýsa Devre""";
"B1674,""Ayna Yolcu Tarafý Katlama Motoru Devre Þasiye Kýsa Devre""";
"B1675,""Lamba Far Giriþ Devre Arýzasý""";
"B1676,""Akü Voltajý Menzil Dýþýnda""";
"B1677,""Alarm Panik Giriþ Devre Arýzasý""";
"B1678,""Arka Buz Çözücü Gösterge Giriþ Devre Arýzasý""";
"B1679,""Silecek Ön Yýkama Pompasý Algýlama Giriþ Devre Arýzasý""";
"B1680,""Silecek Ön Hýz Seçim Giriþ Devre Arýzasý""";
"B1681,""PATS Alýcý-Verici Sinyali Algýlanmadý""";
"B1682,""PATS Geçersiz Ýletiþim""";
"B1683,""Ayna Anahtarý/Sürücü Tarafý Devre Arýzasý""";
"B1684,""Ayna Anahtarý/Yolcu Tarafý Devre Arýzasý""";
"B1685,""Lamba Kubbe Giriþ Devre Arýzasý""";
"B1686,""Lamba Kubbe Giriþ Devre Açýk""";
"B1687,""Lamba Kubbe Giriþ Devre Güce Kýsa Devre""";
"B1688,""Lamba Kubbe Giriþ Devre Þasiye Kýsa Devre""";
"B1689,""Otomatik Lamba Gecikme Devre Arýzasý""";
"B1690,""Otomatik Lamba Gecikme Devre Açýk""";
"B1691,""Otomatik Lamba Gecikme Devre Güce Kýsa Devre""";
"B1692,""Otomatik Lamba Gecikme Devre Þasiye Kýsa Devre""";
"B1693,""Otomatik Lamba Açma Devre Arýzasý""";
"B1694,""Otomatik Lamba Açma Devre Açýk""";
"B1695,""Otomatik Lamba Açma Devre Güce Kýsa Devre""";
"B1696,""Otomatik Lamba Açma Devre Þasiye Kýsa Devre""";
"B1697,""Ayna Sürücü/Yolcu Tarafý Katlama Anahtarý Devre Arýzasý""";
"B1698,""Ayna Sürücü/Yolcu Tarafý Katlama Anahtarý Devre Açýk""";
"B1699,""Yolcu Koltuðu Doluluk Sensörü Þasiye Kýsa Devre""";
"B1700,""Yolcu Emniyet Kemeri Gerdiricisi Þasiye Kýsa Devre""";
"B1701,""Koltuk Sürücü Tarafý Ýleri/Geri Motoru Devre Arýzasý""";
"B1702,""Koltuk Sürücü Tarafý Ýleri/Geri Motoru Devre Açýk""";
"B1703,""Koltuk Sürücü Tarafý Ýleri/Geri Motoru Devre Güce Kýsa Devre""";
"B1704,""Koltuk Sürücü Tarafý Ýleri/Geri Motoru Devre Þasiye Kýsa Devre""";
"B1705,""Koltuk Yolcu Tarafý Ýleri/Geri Motoru Devre Arýzasý""";
"B1706,""Koltuk Yolcu Tarafý Ýleri/Geri Motoru Devre Açýk""";
"B1707,""Koltuk Yolcu Tarafý Ýleri/Geri Motoru Devre Güce Kýsa Devre""";
"B1708,""Koltuk Yolcu Tarafý Ýleri/Geri Motoru Devre Þasiye Kýsa Devre""";
"B1709,""Koltuk Sürücü Tarafý Ön Yükseklik Motoru Devre Arýzasý""";
"B1710,""Koltuk Sürücü Tarafý Ön Yükseklik Motoru Devre Açýk""";
"B1711,""Koltuk Sürücü Tarafý Ön Yükseklik Motoru Devre Güce Kýsa Devre""";
"B1712,""Koltuk Sürücü Tarafý Ön Yükseklik Motoru Devre Þasiye Kýsa Devre""";
"B1713,""Koltuk Yolcu Tarafý Ön Yükseklik Motoru Devre Arýzasý""";
"B1714,""Koltuk Yolcu Tarafý Ön Yükseklik Motoru Devre Açýk""";
"B1715,""Koltuk Yolcu Tarafý Ön Yükseklik Motoru Devre Güce Kýsa Devre""";
"B1716,""Koltuk Yolcu Tarafý Ön Yükseklik Motoru Devre Þasiye Kýsa Devre""";
"B1717,""Koltuk Sürücü Tarafý Arka Yükseklik Motoru Devre Arýzasý""";
"B1718,""Koltuk Sürücü Tarafý Arka Yükseklik Motoru Devre Açýk""";
"B1719,""Koltuk Sürücü Tarafý Arka Yükseklik Motoru Devre Güce Kýsa Devre""";
"B1720,""Koltuk Sürücü Tarafý Arka Yükseklik Motoru Devre Þasiye Kýsa Devre""";
"B1721,""Koltuk Yolcu Tarafý Arka Yükseklik Motoru Devre Arýzasý""";
"B1722,""Koltuk Yolcu Tarafý Arka Yükseklik Motoru Devre Açýk""";
"B1723,""Koltuk Yolcu Tarafý Arka Yükseklik Motoru Devre Güce Kýsa Devre""";
"B1724,""Koltuk Yolcu Tarafý Arka Yükseklik Motoru Devre Þasiye Kýsa Devre""";
"B1725,""Koltuk Sürücü Tarafý Geri Yatýrma Motoru Devre Arýzasý""";
"B1726,""Koltuk Sürücü Tarafý Geri Yatýrma Motoru Devre Açýk""";
"B1727,""Koltuk Sürücü Tarafý Geri Yatýrma Motoru Devre Güce Kýsa Devre""";
"B1728,""Koltuk Sürücü Tarafý Geri Yatýrma Motoru Devre Þasiye Kýsa Devre""";
"B1729,""Koltuk Yolcu Tarafý Geri Yatýrma Motoru Devre Arýzasý""";
"B1730,""Koltuk Yolcu Tarafý Geri Yatýrma Motoru Devre Açýk""";
"B1731,""Koltuk Yolcu Tarafý Geri Yatýrma Motoru Devre Güce Kýsa Devre""";
"B1732,""Koltuk Yolcu Tarafý Geri Yatýrma Motoru Devre Þasiye Kýsa Devre""";
"B1733,""Ayna Sürücü Tarafý Yatay Motoru Devre Arýzasý""";
"B1734,""Ayna Sürücü Tarafý Yatay Motoru Devre Açýk""";
"B1735,""Ayna Sürücü Tarafý Yatay Motoru Devre Güce Kýsa Devre""";
"B1736,""Ayna Sürücü Tarafý Yatay Motoru Devre Þasiye Kýsa Devre""";
"B1737,""Ayna Sürücü Tarafý Dikey Motoru Devre Arýzasý""";
"B1738,""Ayna Sürücü Tarafý Dikey Motoru Devre Açýk""";
"B1739,""Ayna Sürücü Tarafý Dikey Motoru Devre Güce Kýsa Devre""";
"B1740,""Ayna Sürücü Tarafý Dikey Motoru Devre Þasiye Kýsa Devre""";
"B1741,""Ayna Yolcu Tarafý Yatay Motoru Devre Arýzasý""";
"B1742,""Ayna Yolcu Tarafý Yatay Motoru Devre Açýk""";
"B1743,""Ayna Yolcu Tarafý Yatay Motoru Devre Güce Kýsa Devre""";
"B1744,""Ayna Yolcu Tarafý Yatay Motoru Devre Þasiye Kýsa Devre""";
"B1745,""Ayna Yolcu Tarafý Dikey Motoru Devre Arýzasý""";
"B1746,""Ayna Yolcu Tarafý Dikey Motoru Devre Açýk""";
"B1747,""Ayna Yolcu Tarafý Dikey Motoru Devre Güce Kýsa Devre""";
"B1748,""Ayna Yolcu Tarafý Dikey Motoru Devre Þasiye Kýsa Devre""";
"B1749,""Park Freni Anahtarý Devre Arýzasý""";
"B1750,""Park Freni Anahtarý Devre Açýk""";
"B1751,""Park Freni Anahtarý Devre Güce Kýsa Devre""";
"B1752,""Park Freni Anahtarý Devre Þasiye Kýsa Devre""";
"B1753,""Alarm Korna Çýkýþ Devre Güce Kýsa Devre""";
"B1754,""Alarm Korna Çýkýþ Devre Arýzasý""";
"B1755,""Alarm Korna Çýkýþ Devre Açýk""";
"B1756,""Alarm Korna Çýkýþ Devre Þasiye Kýsa Devre""";
"B1757,""Koltuk Sürücü Tarafý Arka Yükseklik Motoru Geri Bildirim Þasiye Kýsa Devre""";
"B1758,""Koltuk Sürücü Tarafý Arka Yükseklik Motoru Geri Bildirim Güce Kýsa Devre""";
"B1759,""Koltuk Sürücü Tarafý Arka Yükseklik Motoru Geri Bildirim Devre Arýzasý""";
"B1760,""Koltuk Sürücü Tarafý Arka Yükseklik Motoru Geri Bildirim Devre Açýk""";
"B1761,""Koltuk Sürücü Tarafý Ön Yükseklik Motoru Geri Bildirim Þasiye Kýsa Devre""";
"B1762,""Koltuk Sürücü Tarafý Ön Yükseklik Motoru Geri Bildirim Güce Kýsa Devre""";
"B1763,""Koltuk Sürücü Tarafý Ön Yükseklik Motoru Geri Bildirim Devre Arýzasý""";
"B1764,""Koltuk Sürücü Tarafý Ön Yükseklik Motoru Geri Bildirim Devre Açýk""";
"B1765,""Koltuk Sürücü Tarafý Ýleri/Geri Motoru Geri Bildirim Þasiye Kýsa Devre""";
"B1766,""Koltuk Sürücü Tarafý Ýleri/Geri Motoru Geri Bildirim Güce Kýsa Devre""";
"B1767,""Koltuk Sürücü Tarafý Ýleri/Geri Motoru Geri Bildirim Devre Arýzasý""";
"B1768,""Koltuk Sürücü Tarafý Ýleri/Geri Motoru Geri Bildirim Devre Açýk""";
"B1769,""Koltuk Sürücü Tarafý Geri Yatýrma Motoru Geri Bildirim Þasiye Kýsa Devre""";
"B1770,""Koltuk Sürücü Tarafý Geri Yatýrma Motoru Geri Bildirim Güce Kýsa Devre""";
"B1771,""Koltuk Sürücü Tarafý Geri Yatýrma Motoru Geri Bildirim Devre Arýzasý""";
"B1772,""Koltuk Sürücü Tarafý Geri Yatýrma Motoru Geri Bildirim Devre Açýk""";
"B1773,""Ayna Sürücü Tarafý Dikey Motoru Geri Bildirim Þasiye Kýsa Devre""";
"B1774,""Ayna Sürücü Tarafý Dikey Motoru Geri Bildirim Güce Kýsa Devre""";
"B1775,""Ayna Sürücü Tarafý Dikey Motoru Geri Bildirim Devre Arýzasý""";
"B1776,""Ayna Sürücü Tarafý Dikey Motoru Geri Bildirim Devre Açýk""";
"B1777,""Sürücü Emniyet Kemeri Gerdiricisi Devre Þasiye Kýsa Devre""";
"B1778,""Ayna Sürücü Tarafý Yatay Motoru Geri Bildirim Þasiye Kýsa Devre""";
"B1779,""Ayna Sürücü Tarafý Yatay Motoru Geri Bildirim Güce Kýsa Devre""";
"B1780,""Ayna Sürücü Tarafý Yatay Motoru Geri Bildirim Devre Arýzasý""";
"B1781,""Ayna Sürücü Tarafý Yatay Motoru Geri Bildirim Devre Açýk""";
"B1782,""Ayna Yolcu Tarafý Dikey Motoru Geri Bildirim Þasiye Kýsa Devre""";
"B1783,""Ayna Yolcu Tarafý Dikey Motoru Geri Bildirim Güce Kýsa Devre""";
"B1784,""Ayna Yolcu Tarafý Dikey Motoru Geri Bildirim Devre Arýzasý""";
"B1785,""Ayna Yolcu Tarafý Dikey Motoru Geri Bildirim Devre Açýk""";
"B1786,""Ayna Yolcu Tarafý Yatay Motoru Geri Bildirim Þasiye Kýsa Devre""";
"B1787,""Ayna Yolcu Tarafý Yatay Motoru Geri Bildirim Güce Kýsa Devre""";
"B1788,""Ayna Yolcu Tarafý Yatay Motoru Geri Bildirim Devre Arýzasý""";
"B1789,""Ayna Yolcu Tarafý Yatay Motoru Geri Bildirim Devre Açýk""";
"B1790,""Ayna Sürücü Tarafý Katlama Motoru Geri Bildirim Þasiye Kýsa Devre""";
"B1791,""Ayna Sürücü Tarafý Katlama Motoru Geri Bildirim Güce Kýsa Devre""";
"B1792,""Ayna Sürücü Tarafý Katlama Motoru Geri Bildirim Devre Arýzasý""";
"B1793,""Ayna Sürücü Tarafý Katlama Motoru Geri Bildirim Devre Açýk""";
"B1794,""Ayna Yolcu Tarafý Katlama Motoru Geri Bildirim Þasiye Kýsa Devre""";
"B1795,""Ayna Yolcu Tarafý Katlama Motoru Geri Bildirim Güce Kýsa Devre""";
"B1796,""Ayna Yolcu Tarafý Katlama Motoru Geri Bildirim Devre Arýzasý""";
"B1797,""Ayna Yolcu Tarafý Katlama Motoru Geri Bildirim Devre Açýk""";
"B1798,""Sinyal Lambasý Ön Sað Þasiye Kýsa Devre""";
"B1799,""Sinyal Lambasý Ön Sað Güce Kýsa Devre""";
"B1800,""Sinyal Lambasý Ön Sað Devre Arýzasý""";
"B1801,""Sinyal Lambasý Ön Sað Devre Açýk""";
"B1802,""Sinyal Lambasý Ön Sol Þasiye Kýsa Devre""";
"B1803,""Sinyal Lambasý Ön Sol Güce Kýsa Devre""";
"B1804,""Sinyal Lambasý Ön Sol Devre Arýzasý""";
"B1805,""Sinyal Lambasý Ön Sol Devre Açýk""";
"B1806,""Sinyal Lambasý Arka Sað Þasiye Kýsa Devre""";
"B1807,""Sinyal Lambasý Arka Sað Güce Kýsa Devre""";
"B1808,""Sinyal Lambasý Arka Sað Devre Arýzasý""";
"B1809,""Sinyal Lambasý Arka Sað Devre Açýk""";
"B1810,""Sinyal Lambasý Arka Sol Þasiye Kýsa Devre""";
"B1811,""Sinyal Lambasý Arka Sol Güce Kýsa Devre""";
"B1812,""Sinyal Lambasý Arka Sol Devre Arýzasý""";
"B1813,""Sinyal Lambasý Arka Sol Devre Açýk""";
"B1814,""Silecek Arka Motoru Geri Bildirim Þasiye Kýsa Devre""";
"B1815,""Silecek Arka Motoru Geri Bildirim Güce Kýsa Devre""";
"B1816,""Silecek Arka Motoru Geri Bildirim Devre Arýzasý""";
"B1817,""Silecek Arka Motoru Geri Bildirim Devre Açýk""";
"B1818,""Silecek Ön Motoru Geri Bildirim Þasiye Kýsa Devre""";
"B1819,""Silecek Ön Motoru Geri Bildirim Güce Kýsa Devre""";
"B1820,""Silecek Ön Motoru Geri Bildirim Devre Arýzasý""";
"B1821,""Silecek Ön Motoru Geri Bildirim Devre Açýk""";
"B1822,""Silecek Arka Park Sensörü Giriþ Devre Arýzasý""";
"B1823,""Silecek Arka Park Sensörü Giriþ Devre Açýk""";
"B1824,""Silecek Arka Park Sensörü Giriþ Devre Güce Kýsa Devre""";
"B1825,""Silecek Arka Park Sensörü Giriþ Devre Þasiye Kýsa Devre""";
"B1826,""Aydýnlatma Dimmer Çýkýþ Devre Þasiye Kýsa Devre""";
"B1827,""Aydýnlatma Dimmer Çýkýþ Devre Güce Kýsa Devre""";
"B1828,""Aydýnlatma Dimmer Çýkýþ Devre Arýzasý""";
"B1829,""Aydýnlatma Dimmer Çýkýþ Devre Açýk""";
"B1830,""Kapý Kilidi Sürücü Tarafý Kilidini Açma Devre Arýzasý""";
"B1831,""Kapý Kilidi Sürücü Tarafý Kilidini Açma Þasiye Kýsa Devre""";
"B1832,""Kapý Kilidi Sürücü Tarafý Kilidini Açma Güce Kýsa Devre""";
"B1833,""Kapý Kilidi Sürücü Tarafý Kilidini Açma Devre Açýk""";
"B1834,""Kapý Kilidi Yolcu Tarafý Kilidini Açma Devre Arýzasý""";
"B1835,""Kapý Kilidi Yolcu Tarafý Kilidini Açma Þasiye Kýsa Devre""";
"B1836,""Kapý Kilidi Yolcu Tarafý Kilidini Açma Güce Kýsa Devre""";
"B1837,""Kapý Kilidi Yolcu Tarafý Kilidini Açma Devre Açýk""";
"B1838,""Kapý Kilidi Tüm Kapýlarý Kilitleme Devre Arýzasý""";
"B1839,""Kapý Kilidi Tüm Kapýlarý Kilitleme Devre Açýk""";
"B1840,""Kapý Kilidi Tüm Kapýlarý Kilitleme Güce Kýsa Devre""";
"B1841,""Kapý Kilidi Tüm Kapýlarý Kilitleme Þasiye Kýsa Devre""";
"B1842,""Koltuk Sürücü Tarafý Bel Destek Motoru Devre Arýzasý""";
"B1843,""Koltuk Sürücü Tarafý Bel Destek Motoru Devre Açýk""";
"B1844,""Koltuk Sürücü Tarafý Bel Destek Motoru Güce Kýsa Devre""";
"B1845,""Koltuk Sürücü Tarafý Bel Destek Motoru Þasiye Kýsa Devre""";
"B1846,""Koltuk Yolcu Tarafý Bel Destek Motoru Devre Arýzasý""";
"B1847,""Koltuk Yolcu Tarafý Bel Destek Motoru Devre Açýk""";
"B1848,""Koltuk Yolcu Tarafý Bel Destek Motoru Güce Kýsa Devre""";
"B1849,""Koltuk Yolcu Tarafý Bel Destek Motoru Þasiye Kýsa Devre""";
"B1850,""Koltuk Sürücü Tarafý Bel Destek Anahtarý Devre Arýzasý""";
"B1851,""Koltuk Sürücü Tarafý Bel Destek Anahtarý Devre Açýk""";
"B1852,""Koltuk Sürücü Tarafý Bel Destek Anahtarý Güce Kýsa Devre""";
"B1853,""Koltuk Sürücü Tarafý Bel Destek Anahtarý Þasiye Kýsa Devre""";
"B1854,""Koltuk Yolcu Tarafý Bel Destek Anahtarý Devre Arýzasý""";
"B1855,""Koltuk Yolcu Tarafý Bel Destek Anahtarý Devre Açýk""";
"B1856,""Koltuk Yolcu Tarafý Bel Destek Anahtarý Güce Kýsa Devre""";
"B1857,""Koltuk Yolcu Tarafý Bel Destek Anahtarý Þasiye Kýsa Devre""";
"B1858,""Lamba Ýki Seviyeli Aydýnlatma Devre Arýzasý""";
"B1859,""Lamba Ýki Seviyeli Aydýnlatma Devre Açýk""";
"B1860,""Lamba Ýki Seviyeli Aydýnlatma Güce Kýsa Devre""";
"B1861,""Lamba Ýki Seviyeli Aydýnlatma Þasiye Kýsa Devre""";
"B1862,""Koltuk Sürücü Tarafý Geri Yatýrma Anahtarý Devre Arýzasý""";
"B1863,""Hava Yastýðý Sürücü Yan Devresi Güce Kýsa Devre""";
"B1864,""Hava Yastýðý Sürücü Yan Devresi Þasiye Kýsa Devre""";
"B1865,""Hava Yastýðý Sürücü Yan Devresi Arýzasý""";
"B1866,""Hava Yastýðý Sürücü Yan Devresi Açýk""";
"B1867,""Hava Yastýðý Yolcu Yan Devresi Güce Kýsa Devre""";
"B1868,""Hava Yastýðý Yolcu Yan Devresi Þasiye Kýsa Devre""";
"B1869,""Hava Yastýðý Yolcu Yan Devresi Arýzasý""";
"B1870,""Hava Yastýðý Yolcu Yan Devresi Açýk""";
"B1871,""Yolcu Hava Yastýðý Devre Dýþý Býrakma Modülü Arýzasý""";
"B1872,""Sinyal Lambasý Sol Dönüþ Besleme Devresi Güce Kýsa Devre""";
"B1873,""Sinyal Lambasý Sað Dönüþ Besleme Devresi Güce Kýsa Devre""";
"B1874,""Ayna Sürücü Tarafý Yatay Motoru Geri Bildirim Devre Arýzasý""";
"B1875,""Sinyal Lambasý Dönüþ Sinyali Anahtarý Devre Arýzasý""";
"B1876,""Emniyet Kemeri Gerdiricisi Sürücü Tarafý Devre Arýzasý""";
"B1877,""Emniyet Kemeri Gerdiricisi Sürücü Tarafý Devre Açýk""";
"B1878,""Emniyet Kemeri Gerdiricisi Sürücü Tarafý Güce Kýsa Devre""";
"B1879,""Emniyet Kemeri Gerdiricisi Sürücü Tarafý Þasiye Kýsa Devre""";
"B1880,""Emniyet Kemeri Gerdiricisi Yolcu Tarafý Devre Arýzasý""";
"B1881,""Emniyet Kemeri Gerdiricisi Yolcu Tarafý Devre Açýk""";
"B1882,""Emniyet Kemeri Gerdiricisi Yolcu Tarafý Güce Kýsa Devre""";
"B1883,""Emniyet Kemeri Gerdiricisi Yolcu Tarafý Þasiye Kýsa Devre""";
"B1884,""Hava Yastýðý Yolcu Devre Dýþý Ýkaz Lambasý Devre Açýk""";
"B1885,""Emniyet Kemeri Gerdiricisi Sürücü Tarafý Direnç Düþük""";
"B1886,""Emniyet Kemeri Gerdiricisi Yolcu Tarafý Direnç Düþük""";
"B1887,""Hava Yastýðý Sürücü Tarafý Devresi Þasiye Kýsa Devre""";
"B1888,""Hava Yastýðý Yolcu Tarafý Devresi Þasiye Kýsa Devre""";
"B1889,""Yolcu Koltuðu Sensörü Ýletiþim Hatasý""";
"B1890,""Yolcu Hava Yastýðý Devre Dýþý Ýkaz Lambasý Þasiye Kýsa Devre""";
"B1891,""Hava Yastýðý Sinyal Lambasý Güce Kýsa Devre""";
"B1892,""Hava Yastýðý Sinyal Lambasý Devre Arýzasý""";
"B1893,""Alarm Korna Giriþ Devre Þasiye Kýsa Devre""";
"B1894,""Koltuk Sürücü Tarafý Bel Destek Motoru Sýkýþmýþ""";
"B1895,""Sürücü Kapýsý Açýk Ýkaz Lambasý Devre Arýzasý""";
"B1896,""Yolcu Kapýsý Açýk Ýkaz Lambasý Devre Arýzasý""";
"B1897,""Korna Anahtarý Devre Arýzasý""";
"B1898,""Sinyal Lambasý Ön Sol Devre Þasiye Kýsa Devre""";
"B1899,""Sinyal Lambasý Ön Sað Devre Þasiye Kýsa Devre""";
"B1900,""Hava Yastýðý Sürücü Yan Tarafý Çarpýþma Sensörü Arýzasý""";
"B1901,""Hava Yastýðý Sürücü Yan Tarafý Çarpýþma Sensörü Þasiye Kýsa Devre""";
"B1902,""Hava Yastýðý Sürücü Yan Tarafý Çarpýþma Sensörü Güce Kýsa Devre""";
"B1903,""Hava Yastýðý Sürücü Yan Tarafý Çarpýþma Sensörü Devre Açýk""";
"B1904,""Hava Yastýðý Yolcu Yan Tarafý Çarpýþma Sensörü Arýzasý""";
"B1905,""Hava Yastýðý Yolcu Yan Tarafý Çarpýþma Sensörü Þasiye Kýsa Devre""";
"B1906,""Hava Yastýðý Yolcu Yan Tarafý Çarpýþma Sensörü Güce Kýsa Devre""";
"B1907,""Hava Yastýðý Yolcu Yan Tarafý Çarpýþma Sensörü Devre Açýk""";
"B1908,""Emniyet Kemeri Gerdiricisi Sürücü Tarafý Devre Güce Kýsa Devre""";
"B1909,""Emniyet Kemeri Gerdiricisi Sürücü Tarafý Devre Þasiye Kýsa Devre""";
"B1910,""Hava Yastýðý Sürücü Tarafý Devre Arýzasý""";
"B1911,""Hava Yastýðý Sürücü Tarafý Devre Açýk""";
"B1912,""Hava Yastýðý Sürücü Tarafý Devre Güce Kýsa Devre""";
"B1913,""Hava Yastýðý Sürücü Tarafý Devre Þasiye Kýsa Devre""";
"B1914,""Hava Yastýðý Yolcu Tarafý Devre Arýzasý""";
"B1915,""Hava Yastýðý Yolcu Tarafý Devre Açýk""";
"B1916,""Hava Yastýðý Yolcu Tarafý Devre Güce Kýsa Devre""";
"B1917,""Hava Yastýðý Yolcu Tarafý Devre Þasiye Kýsa Devre""";
"B1918,""Hava Yastýðý Sürücü Yan Tarafý Devre Arýzasý""";
"B1919,""Hava Yastýðý Sürücü Yan Tarafý Devre Açýk""";
"B1920,""Hava Yastýðý Sürücü Yan Tarafý Devre Güce Kýsa Devre""";
"B1921,""Hava Yastýðý Sürücü Yan Tarafý Devre Þasiye Kýsa Devre""";
"B1922,""Hava Yastýðý Yolcu Yan Tarafý Devre Arýzasý""";
"B1923,""Hava Yastýðý Yolcu Yan Tarafý Devre Açýk""";
"B1924,""Hava Yastýðý Yolcu Yan Tarafý Devre Güce Kýsa Devre""";
"B1925,""Hava Yastýðý Yolcu Yan Tarafý Devre Þasiye Kýsa Devre""";
"B1926,""Hava Yastýðý Yolcu Tarafý Kapasitör Arýzasý""";
"B1927,""Hava Yastýðý Yolcu Tarafý Arýzasý""";
"B1928,""Hava Yastýðý Yolcu Tarafý Çarpýþma Sensörü Arýzasý""";
"B1929,""Hava Yastýðý Yolcu Tarafý Çarpýþma Sensörü Þasiye Kýsa Devre""";
"B1930,""Hava Yastýðý Yolcu Tarafý Çarpýþma Sensörü Güce Kýsa Devre""";
"B1931,""Hava Yastýðý Yolcu Tarafý Çarpýþma Sensörü Devre Açýk""";
"B1932,""Hava Yastýðý Sürücü Tarafý Direnç Yüksek""";
"B1933,""Hava Yastýðý Yolcu Tarafý Direnç Yüksek""";
"B1934,""Hava Yastýðý Sürücü Tarafý Direnç Düþük""";
"B1935,""Hava Yastýðý Yolcu Tarafý Direnç Düþük""";
"B1936,""Hava Yastýðý Sürücü Tarafý Devresi Þasiye Kýsa Devre""";
"B1937,""Hava Yastýðý Yolcu Tarafý Devresi Þasiye Kýsa Devre""";
"B1938,""Hava Yastýðý Sürücü Yan Tarafý Direnç Yüksek""";
"B1939,""Hava Yastýðý Yolcu Yan Tarafý Direnç Yüksek""";
"B1941,""Hava Yastýðý Sürücü Yan Tarafý Direnç Düþük""";
"B1942,""Hava Yastýðý Yolcu Yan Tarafý Direnç Düþük""";
"B1943,""Hava Yastýðý Sürücü Yan Tarafý Devresi Þasiye Kýsa Devre""";
"B1944,""Hava Yastýðý Yolcu Yan Tarafý Devresi Þasiye Kýsa Devre""";
"B1945,""Hava Yastýðý Sürücü Yan Tarafý Devresi Güce Kýsa Devre""";
"B1946,""Hava Yastýðý Yolcu Yan Tarafý Devresi Güce Kýsa Devre""";
"B1947,""Hava Yastýðý Sürücü Yan Tarafý Çarpýþma Sensörü Güce Kýsa Devre""";
"B1948,""Hava Yastýðý Yolcu Yan Tarafý Çarpýþma Sensörü Güce Kýsa Devre""";
"B1949,""Hava Yastýðý Sürücü Yan Tarafý Çarpýþma Sensörü Þasiye Kýsa Devre""";
"B1950,""Koltuk Sürücü Tarafý Geri Yatýrma Motoru Geri Bildirim Arýzasý""";
"B1951,""Koltuk Sürücü Tarafý Geri Yatýrma Motoru Geri Bildirim Açýk""";
"B1952,""Koltuk Sürücü Tarafý Arka Yükseklik Motoru Geri Bildirim Arýzasý""";
"B1953,""Koltuk Sürücü Tarafý Arka Yükseklik Motoru Geri Bildirim Açýk""";
"B1954,""Koltuk Sürücü Tarafý Ön Yükseklik Motoru Geri Bildirim Arýzasý""";
"B1955,""Koltuk Sürücü Tarafý Ön Yükseklik Motoru Geri Bildirim Açýk""";
"B1956,""Koltuk Sürücü Tarafý Ýleri/Geri Motoru Geri Bildirim Arýzasý""";
"B1957,""Koltuk Sürücü Tarafý Ýleri/Geri Motoru Geri Bildirim Açýk""";
"B1958,""Koltuk Sürücü Tarafý Geri Yatýrma Motoru Geri Bildirim Güce Kýsa Devre""";
"B1959,""Koltuk Sürücü Tarafý Arka Yükseklik Motoru Geri Bildirim Güce Kýsa Devre""";
"B1960,""Koltuk Sürücü Tarafý Ön Yükseklik Motoru Geri Bildirim Güce Kýsa Devre""";
"B1961,""Koltuk Sürücü Tarafý Ýleri/Geri Motoru Geri Bildirim Güce Kýsa Devre""";
"B1962,""Koltuk Sürücü Tarafý Geri Yatýrma Motoru Geri Bildirim Þasiye Kýsa Devre""";
"B1963,""Koltuk Sürücü Tarafý Arka Yükseklik Motoru Geri Bildirim Þasiye Kýsa Devre""";
"B1964,""Koltuk Sürücü Tarafý Ön Yükseklik Motoru Geri Bildirim Þasiye Kýsa Devre""";
"B1965,""Koltuk Sürücü Tarafý Ýleri/Geri Motoru Geri Bildirim Þasiye Kýsa Devre""";
"B1966,""Ayna Isýtýcý Devre Arýzasý""";
"B1967,""Ayna Isýtýcý Þasiye Kýsa Devre""";
"B1968,""Ayna Sürücü Tarafý Hafýza Geri Bildirim Arýzasý""";
"B1969,""Ayna Yolcu Tarafý Hafýza Geri Bildirim Arýzasý""";
"B1970,""Yolcu Emniyet Kemeri Sensörü Þasiye Kýsa Devre""";
"B1971,""Yolcu Emniyet Kemeri Sensörü Güce Kýsa Devre""";
"B1972,""Yolcu Emniyet Kemeri Sensörü Devre Arýzasý""";
"B1973,""Yolcu Emniyet Kemeri Sensörü Devre Açýk""";
"B1974,""Yolcu Koltuðu Geri Yatýrma Motoru Geri Bildirim Arýzasý""";
"B1975,""Yolcu Koltuðu Geri Yatýrma Motoru Geri Bildirim Açýk""";
"B1976,""Yolcu Koltuðu Ýleri/Geri Motoru Geri Bildirim Arýzasý""";
"B1977,""Yolcu Koltuðu Ön Yükseklik Motoru Geri Bildirim Arýzasý""";
"B1978,""Yolcu Koltuðu Arka Yükseklik Motoru Geri Bildirim Arýzasý""";
"B1979,""Yolcu Koltuðu Geri Yatýrma Motoru Geri Bildirim Güce Kýsa Devre""";
"B1980,""Yolcu Koltuðu Ýleri/Geri Motoru Geri Bildirim Güce Kýsa Devre""";
"B1981,""Yolcu Koltuðu Ön Yükseklik Motoru Geri Bildirim Güce Kýsa Devre""";
"B1982,""Yolcu Koltuðu Arka Yükseklik Motoru Geri Bildirim Güce Kýsa Devre""";
"B1983,""Yolcu Koltuðu Geri Yatýrma Motoru Geri Bildirim Þasiye Kýsa Devre""";
"B1984,""Yolcu Koltuðu Ýleri/Geri Motoru Geri Bildirim Þasiye Kýsa Devre""";
"B1985,""Yolcu Koltuðu Ön Yükseklik Motoru Geri Bildirim Þasiye Kýsa Devre""";
"B1986,""Yolcu Koltuðu Arka Yükseklik Motoru Geri Bildirim Þasiye Kýsa Devre""";
"B1987,""Pedal Ayar Motoru Sýkýþmýþ""";
"B1988,""Pedal Ayar Anahtarý Ýleri Þasiye Kýsa Devre""";
"B1989,""Pedal Ayar Anahtarý Geri Þasiye Kýsa Devre""";
"B1990,""Pedal Ayar Motoru Geri Bildirim Þasiye Kýsa Devre""";
"B1991,""Pedal Ayar Motoru Geri Bildirim Güce Kýsa Devre""";
"B1992,""Hava Yastýðý Sürücü Yan Tarafý Çýkýþ Devresi Güce Kýsa Devre""";
"B1993,""Hava Yastýðý Sürücü Yan Tarafý Çýkýþ Devresi Þasiye Kýsa Devre""";
"B1994,""Hava Yastýðý Sürücü Yan Tarafý Çýkýþ Devresi Açýk""";
"B1995,""Hava Yastýðý Yolcu Yan Tarafý Çýkýþ Devresi Güce Kýsa Devre""";
"B1996,""Hava Yastýðý Yolcu Yan Tarafý Çýkýþ Devresi Þasiye Kýsa Devre""";
"B1997,""Hava Yastýðý Yolcu Yan Tarafý Çýkýþ Devresi Açýk""";
"B1998,""Hava Yastýðý Yolcu Yan Tarafý Çýkýþ Devresi Arýzasý""";
"B1999,""Hava Yastýðý Sürücü Yan Tarafý Çýkýþ Devresi Arýzasý""";
"B2100,""Kapý Kilidi Sürücü Tarafý Anahtarý Devre Arýzasý""";
"B2101,""Baþ Dayanaðý Þalteri Devre Arýzasý""";
"B2102,""Anten Devresi Þasiye Kýsa Devre""";
"B2103,""Anten Baðlý Deðil""";
"B2104,""Yolcu Kapýsý Anahtar Silindir Þalteri Arýzasý""";
"B2105,""Gaz Kelebeði Konum Giriþi Aralýk Dýþý Düþük""";
"B2106,""Gaz Kelebeði Konum Giriþi Aralýk Dýþý Yüksek""";
"B2107,""Ön Silecek Motor Röle Devresi Bataryaya Kýsa Devre""";
"B2108,""Bagaj Anahtar Silindir Þalteri Arýzasý""";
"B2109,""Isýtmalý Ön Cam Rölesi Bataryaya Kýsa Devre""";
"B2110,""Ön Silecek Motor Röle Devresi Açýk""";
"B2111,""Tüm Kapý Kilidi Giriþi Þasiye Kýsa Devre""";
"B2112,""Sürücü Kapýsý Ayar Þalteri Takýlý Kalma Arýzasý""";
"B2113,""Isýtmalý Ön Cam Rölesi Giriþi Þasiye Kýsa Devre""";
"B2114,""Ön Yýkama Pompasý Rölesi Bataryaya Kýsa Devre""";
"B2115,""Arka Yýkama Pompasý Rölesi Bataryaya Kýsa Devre""";
"B2116,""Sürücü Kapýsý Sýfýrlama Þalteri Takýlý Kalma Arýzasý""";
"B2117,""Sürücü Tarafý Yan Ýptal Sensörü Düþük Giriþ""";
"B2118,""Yolcu Tarafý Yan Ýptal Sensörü Düþük Giriþ""";
"B2119,""Kompresör Arýzasý""";
"B2120,""Yolcu Kapýsý Ayar Þalteri Takýlý Kalma Arýzasý""";
"B2122,""Sürücü Tarafý Uydu Haberleþme Devresi Arýzasý""";
"B2123,""Yolcu Tarafý Uydu Haberleþme Devresi Arýzasý""";
"B2124,""Yolcu Kapýsý Sýfýrlama Þalteri Takýlý Kalma Arýzasý""";
"B2128,""Merkezi Kilit Motoru Arýzasý""";
"B2129,""Merkezi Kilit Geri Bildirim Arýzasý""";
"B2130,""Çift Kilitleme Zaman Aþýmý Arýzasý""";
"B2131,""Çift Kilitleme Geri Bildirim Arýzasý""";
"B2132,""Dimmer Þalteri Devresi Þasiye Kýsa Devre""";
"B2133,""Fren Motoru Uyarý Lambasý Devre Arýzasý""";
"B2134,""Fren Motoru Uyarý Lambasý Devresi Bataryaya Kýsa Devre""";
"B2135,""Park Freni Uygulandý Uyarý Lambasý Devre Arýzasý""";
"B2136,""Park Freni Uygulandý Uyarý Lambasý Devresi Bataryaya Kýsa Devre""";
"B2139,""Veri Uyuþmazlýðý (Alýnan veri beklenenle eþleþmiyor)""";
"B2141,""NVM Yapýlandýrma Arýzasý""";
"B2142,""NVM TIC Yapýlandýrma Arýzasý""";
"B2143,""NVM Hafýza Arýzasý""";
"B2144,""NVM Alarm Veri Arýzasý""";
"B2145,""NVM RFHR Arýzasý""";
"B2146,""Koltuk Yatýrma Motoru Konum Devresi Arýzasý""";
"B2148,""PWM Giriþ Devresi Arýzasý""";
"B2149,""Koltuk Ön Dikey Motor Konum Devresi Arýzasý""";
"B2150,""Güç Kaynaðý #1 Devresi Þasiye Kýsa Devre""";
"B2151,""Güç Kaynaðý #2 Devresi Þasiye Kýsa Devre""";
"B2152,""Koltuk Arka Dikey Motor Konum Devresi Arýzasý""";
"B2153,""Arka Eko Sensörü Devre Arýzasý""";
"B2154,""Ön Eko Sensörü Devre Arýzasý""";
"B2155,""Eko Sensörü Montaj Uyarýsý""";
"B2156,""Arka Eko Sensörü Haberleþme Arýzasý""";
"B2157,""Ön Eko Sensörü Haberleþme Arýzasý""";
"B2158,""Koltuk Yatay Motor Konum Devresi Arýzasý""";
"B2159,""Hafýza #1 Çýkýþý Þasiye Kýsa Devre""";
"B2160,""Hafýza #1 Çýkýþý Bataryaya Kýsa Devre""";
"B2161,""Koltuk Minder Derinliði Motor Konum Devresi Arýzasý""";
"B2162,""Veri Uyuþmazlýðý #2""";
"B2163,""Debriyaj Konum Hatasý""";
"B2164,""Koltuk Ön Dikey Motor Devre Arýzasý""";
"B2165,""Vites Deðiþtirme Konum Hatasý""";
"B2166,""Vites Seçme Konum Hatasý""";
"B2167,""Koltuk Arka Dikey Motor Devre Arýzasý""";
"B2168,""Kilit Açma Durumu Onaylanamadý""";
"B2169,""Kilitleme Durumu Onaylanamadý""";
"B2170,""Direksiyon Kolonu Kilit Þalteri Devre Arýzasý""";
"B2172,""Atalet Þalteri Giriþ Devresi Açýk""";
"B2174,""Sürücü Arka Cam Uzaktan Yukarý/Aþaðý Þalteri Þasiye Kýsa Devre""";
"B2175,""Klima Talep Sinyali Devresi Þasiye Kýsa Devre""";
"B2176,""Overdrive Þalteri Devresi Bataryaya Kýsa Devre""";
"B2177,""Ýç Tarama Sensörü Devre Arýzasý""";
"B2178,""Yolcu Arka Cam Uzaktan Yukarý/Aþaðý Þalteri Þasiye Kýsa Devre""";
"B2179,""Ön Silecek Seçim Þalteri 'A' Þasiye Kýsa Devre""";
"B2180,""Ön Silecek Seçim Þalteri 'B' Þasiye Kýsa Devre""";
"B2181,""Ön Silecek Seçim Þalteri 'C' Þasiye Kýsa Devre""";
"B2182,""Yolcu Ön Cam Uzaktan Yukarý/Aþaðý Þalteri Þasiye Kýsa Devre""";
"B2183,""Ön Silecek Seçim Þalteri 'H' Þasiye Kýsa Devre""";
"B2184,""Ön Silecek Seçim Þalteri 'W' Þasiye Kýsa Devre""";
"B2185,""Arka Silecek Seçim Þalteri 'D' Þasiye Kýsa Devre""";
"B2186,""Sürücü Ön Cam Uzaktan Yukarý/Aþaðý Þalteri Þasiye Kýsa Devre""";
"B2187,""Arka Silecek Seçim Þalteri 'B' Þasiye Kýsa Devre""";
"B2188,""Arka Silecek Seçim Þalteri 'E' Þasiye Kýsa Devre""";
"B2190,""Yolcu Ön Cam Uzaktan Yukarý Þalteri Þasiye Kýsa Devre""";
"B2194,""Yolcu Ön Cam Uzaktan Aþaðý Þalteri Þasiye Kýsa Devre""";
"B2195,""Sürücü Camý Yukarý/Aþaðý Güç Þalteri Ayaðý Þasiye Kýsa Devre""";
"B2196,""Yolcu Camý Yukarý/Aþaðý Güç Þalteri Ayaðý Þasiye Kýsa Devre""";
"B2197,""TV Modülü Hatasý""";
"B2198,""TrafficMaster Modülü Hatasý""";
"B2199,""VICS Modülü Hatasý""";
"B2200,""TV Modülü ile Haberleþme Yok""";
"B2201,""TrafficMaster Modülü ile Haberleþme Yok""";
"B2202,""VICS Modülü ile Haberleþme Yok""";
"B2203,""CD-ROM Hatasý""";
"B2204,""GPS Anten Baðlantýsý Açýk veya Kýsa Devre""";
"B2205,""GPS Alýcýsý Hatasý""";
"B2206,""Jiroskop Hatasý""";
"B2207,""ECU ROM Kontrol Toplamý (Checksum) Hatasý""";
"B2208,""Ekran ve Þalter Modülü Haberleþme Hattý Hatasý""";
"B2209,""Ýç Lamba Ýptal Þalteri Açýk Devre""";
"B2210,""Ýç Lamba Ýptal Þalteri Þasiye Kýsa Devre""";
"B2211,""Düþük Soðutma Suyu Lambasý Çýkýþý Bataryaya Kýsa Devre""";
"B2214,""Yolcu Ön Cam Yukarý Þalteri Þasiye Kýsa Devre""";
"B2215,""Yolcu Ön Cam Aþaðý Þalteri Þasiye Kýsa Devre""";
"B2219,""Sürücü Ön Cam Akým Geri Bildirimi Aþýldý""";
"B2220,""Yolcu Ön Cam Akým Geri Bildirimi Aþýldý""";
"B2221,""Sürücü Arka Cam Akým Geri Bildirimi Aþýldý""";
"B2222,""Yolcu Arka Cam Akým Geri Bildirimi Aþýldý""";
"B2223,""Sürücü Aynasý Tahrik Devresi Arýzasý""";
"B2224,""Yolcu Aynasý Tahrik Devresi Arýzasý""";
"B2225,""Ön Çarpýþma Sensörü Montaj Hatasý""";
"B2226,""Ön Çarpýþma Sensörü Dahili Hatasý""";
"B2227,""Ön Çarpýþma Sensörü Haberleþme Hatasý""";
"B2228,""Sürücü Hava Yastýðý Devresi Þasiye Kýsa Devre""";
"B2229,""Yolcu Hava Yastýðý Devresi Þasiye Kýsa Devre""";
"B2230,""Sürücü Hava Yastýðý Devresi Döngü #2'ye Kýsa Devre""";
"B2231,""Yolcu Hava Yastýðý Devresi Döngü #2'ye Kýsa Devre""";
"B2232,""Sürücü Hava Yastýðý Devresi Açýk""";
"B2233,""Yolcu Hava Yastýðý Devresi Açýk""";
"B2234,""Sürücü Hava Yastýðý Þiþirici Devre Direnci Squib Üzerinde Düþük""";
"B2235,""Yolcu Hava Yastýðý Þiþirici Devre Direnci Squib Üzerinde Düþük""";
"B2236,""Zayýf veya Kusurlu Elektrikli Araç Batarya Modülü Hatasý""";
"B2237,""VSS Mevcutken Park Gösteren Araç Sinyali""";
"B2238,""Elektrikli Sürgülü Kapý Güç Kablosu Kopuk""";
"B2239,""Arka Bagaj Kapýsý Ayar/Sýfýrlama Þalteri Takýlý Kalmýþ""";
"B2240,""Arka Bagaj Kapýsý Ayar Þalteri Takýlý Kalmýþ""";
"B2241,""Arka Bagaj Kapýsý Sýfýrlama Þalteri Takýlý Kalmýþ""";
"B2242,""Arka Bagaj Kapýsý Kilit Açma Devresi Açýk""";
"B2243,""Sürücü Arka Kapý Aralýk Devresi Açýk""";
"B2244,""Sürücü Sürgülü Kapý Aralýk Devresi Þasiye Kýsa Devre""";
"B2245,""Yolcu Sürgülü Kapý Aralýk Devresi Açýk""";
"B2246,""Yolcu Arka Kapý Aralýk Devresi Açýk""";
"B2247,""Evap Sýcaklýk Sensörü Bataryaya Kýsa Devre""";
"C1436,""Arka Hýz Sensörü Devre Aralýðý/Performansý (Sað)""";
"C1437,""Arka Hýz Sensörü Devresi Düþük Giriþ (Sað)""";
"C1438,""Arka Hýz Sensörü Devresi Yüksek Giriþ (Sað)""";
"C1439,""Arka Hýz Sensörü Devresi Kesintili (Sað)""";
"C1440,""Basýnç Dönüþtürücü Ana/Birincil Giriþ Sinyali Arýzasý""";
"C1441,""Direksiyon Faz A Devre Arýzasý""";
"C1442,""Direksiyon Faz B Devre Arýzasý""";
"C1443,""Direksiyon Faz A Devresi Düþük""";
"C1444,""Direksiyon Faz B Devresi Düþük""";
"C1445,""Araç Hýz Sinyali Devre Arýzasý""";
"C1446,""Fren Þalteri Devre Arýzasý""";
"C1447,""Çekiþ Kontrol Modülü Talep Devresi Arýzasý""";
"C1448,""Çekiþ Kontrolü Uyarý Lambasý Devre Arýzasý""";
"C1449,""Çekiþ Kontrol Motoru Selenoid Arýzasý""";
"C1450,""Çekiþ Kontrol Motoru Selenoid Devre Arýzasý""";
"C1451,""Çekiþ Kontrol Motoru Selenoid Devresi Açýk""";
"C1452,""Çekiþ Kontrol Motoru Selenoid Devresi Bataryaya Kýsa Devre""";
"C1453,""Çekiþ Kontrol Motoru Selenoid Devresi Þasiye Kýsa Devre""";
"C1761,""Sürüþ Kontrol Amortisör Selenoidi RF Devresi Þasiye Kýsa Devre""";
"C1762,""Sürüþ Kontrol Amortisör Selenoidi LF Devresi Þasiye Kýsa Devre""";
"C1763,""Sürüþ Kontrol Amortisör Selenoidi RR Devresi Þasiye Kýsa Devre""";
"C1764,""Sürüþ Kontrol Amortisör Selenoidi LR Devresi Þasiye Kýsa Devre""";
"C1765,""Havalý Süspansiyon Tanký Basýnç Sensörü Devre Arýzasý""";
"C1766,""Havalý Süspansiyon Tanký Basýnç Sensörü Devresi Açýk""";
"C1767,""Havalý Süspansiyon Tanký Basýnç Sensörü Devresi Bataryaya Kýsa Devre""";
"C1768,""Havalý Süspansiyon Tanký Basýnç Sensörü Devresi Þasiye Kýsa Devre""";
"C1770,""Havalý Süspansiyon Tahliye Selenoidi Çýkýþ Devresi Arýzasý""";
"C1771,""Havalý Süspansiyon Tahliye Selenoidi Çýkýþ Devresi Açýk""";
"C1772,""Havalý Süspansiyon Tahliye Selenoidi Çýkýþ Devresi Bataryaya Kýsa Devre""";
"C1773,""Havalý Süspansiyon Tahliye Selenoidi Çýkýþ Devresi Þasiye Kýsa Devre""";
"C1774,""Soðutma Suyu Sýcaklýðý Seçim Þalteri Devre Arýzasý""";
"C1775,""DC-to-DC Dönüþtürücü Arýzasý""";
"C1776,""Isýtýcý Sistemi Arýzasý""";
"C1948,""Koltuk Ray Konum Þalteri Devre Direnci Aralýk Dýþý""";
"C1949,""Ývmeölçer Sensör Devresi Açýk""";
"C1950,""Ývmeölçer Sensör Devre Arýzasý""";
"C1951,""Yanal Ývmeölçer Sensör Devresi Açýk""";
"C1952,""Sapma Oraný (Yaw Rate) Sensör Devresi Açýk""";
"C1953,""Ana Merkez Silindiri Basýnç Sensörü Devresi Açýk""";
"C1954,""Ana Merkez Silindiri Basýnç Sensörü Devre Arýzasý""";
"C1955,""Direksiyon Açý Sensörü Devresi Açýk""";
"C1956,""Direksiyon Açý Sensörü Devre Arýzasý""";
"C1957,""Dinamik Stabilite Kontrol Valfi RF Devre Arýzasý""";
"C1958,""Dinamik Stabilite Kontrol Valfi LF Devre Arýzasý""";
"C1959,""Yanal Ývmeölçer Sensör Devre Arýzasý""";
"C1960,""Sürücü Fren Uyguladý Devre Hatasý""";
"C1961,""Park Lambasý Röle Bobini Devre Arýzasý""";
"C2767,""Rezerve Edildi - Belirlenecek""";
"U1000,""SCP (J1850) Geçersiz veya Eksik Veri - Birincil Kimlik""";
"U1001,""SCP (J1850) Geçersiz veya Eksik Veri - Birincil Kimlik""";
"U1002,""SCP (J1850) Geçersiz veya Eksik Veri - Birincil Kimlik""";
"U1003,""SCP (J1850) Geçersiz veya Eksik Veri - Birincil Kimlik""";
"U1004,""SCP (J1850) Geçersiz veya Eksik Veri - EEC Programlama""";
"U1005,""SCP (J1850) Geçersiz veya Eksik Veri - EEC Programlama""";
"U1006,""SCP (J1850) Geçersiz veya Eksik Veri - Birincil Kimlik""";
"U1007,""SCP (J1850) Geçersiz veya Eksik Veri - Birincil Kimlik""";
"U1008,""SCP (J1850) Geçersiz veya Eksik Veri - Motor Torku""";
"U1009,""SCP (J1850) Geçersiz veya Eksik Veri - Motor Torku""";
"U1010,""SCP (J1850) Geçersiz veya Eksik Veri - Motor Hava Giriþi""";
"U1011,""SCP (J1850) Geçersiz veya Eksik Veri - Motor Hava Giriþi""";
"U1012,""SCP (J1850) Geçersiz veya Eksik Veri - Birincil Kimlik""";
"U1013,""SCP (J1850) Geçersiz veya Eksik Veri - Birincil Kimlik""";
"U1014,""SCP (J1850) Geçersiz veya Eksik Veri - Birincil Kimlik""";
"U1015,""SCP (J1850) Geçersiz veya Eksik Veri - Birincil Kimlik""";
"U1750,""SCP (J1850) Onaylama (Acknowledgment) Eksikliði - Sesli Uyarýlar""";
"U1794,""SCP (J1850) Onaylama Eksikliði - Aynalar""";
"U1797,""SCP (J1850) Onaylama Eksikliði - Kapý Kilitleri""";
"U1798,""SCP (J1850) Onaylama Eksikliði - Dýþ Eriþim (Kapýlar)""";
"U1900,""CAN Ýletiþim Veri Yolu Hatasý""";
"U1950,""UPB Ýletiþim Veri Yolu Hatasý""";
"U2000,""Arka Ses Kontrol Ünitesi Yanýt Vermiyor""";
"U2001,""Sesli Kaset Çalar Ünitesi Yanýt Vermiyor""";
"U2002,""Ses Çerçevesi (Bezel) Yanýt Vermiyor""";
"U2003,""Sesli CD / Disk Jockey Ünitesi Yanýt Vermiyor""";
"U2004,""Sesli Direksiyon Simidi Kontrol Ünitesi Yanýt Vermiyor""";
"U2005,""Sesli Arka Entegre Kontrol Panel Ünitesi Yanýt Vermiyor""";
"U2006,""Sesli Uzaktan Klima Kontrol Ünitesi Yanýt Vermiyor""";
"U2007,""Sesli Navigasyon Ünitesi Yanýt Vermiyor""";
"U2008,""Sesli Telefon Yanýt Vermiyor""";
"U2009,""Sesli Ön Kontrol Modülü (ACM) Yanýt Vermiyor""";
"U2010,""Modül Yanýt Vermiyor (SCP Dýþý)""";
"U2011,""Modül Geçersiz Veri Ýletti (SCP Dýþý)""";
"U2012,""Ýletiþim Veri Yolu Hatasý (SCP Dýþý)""";
"U2013,""Pusula Modülü Yanýt Vermiyor""";
"U2014,""Sesli Subwoofer Ünitesi Yanýt Vermiyor""";
"U2015,""Sinal Baðlantý Hatasý (SCP Dýþý)""";
"U2016,""Sinyal Baðlantýsý Þasiye Kýsa Devre (SCP Dýþý)""";
"U2017,""Sürücü Tarafý Çarpýþma Sensörü Ýletiþim Hatasý (SCP Dýþý)""";
"U2018,""Yolcu Tarafý Çarpýþma Sensörü Ýletiþim Hatasý (SCP Dýþý)""";
"U2019,""Sesli Komut Modülü Yanýt Vermiyor""";
"U2020,""Sesli CD / Disk Jockey Ünitesi Yanýt Vermiyor""";
"U2021,""Geçersiz Veri Alýndý (SCP Dýþý)""";
"U2150,""SCP (J1850) Geçersiz veya Eksik Veri - Birincil Kimlik""";
"U2152,""SCP (J1850) Geçersiz veya Eksik Veri - Birincil Kimlik""";
"U2155,""SCP (J1850) Geçersiz veya Eksik Veri - Birincil Kimlik""";
"U2157,""SCP (J1850) Geçersiz veya Eksik Veri - Birincil Kimlik""";
"U2159,""SCP (J1850) Geçersiz veya Eksik Veri - Birincil Kimlik""";
"U2160,""SCP (J1850) Geçersiz veya Eksik Veri - Birincil Kimlik""";
"U2194,""SCP (J1850) Geçersiz veya Eksik Veri - Birincil Kimlik""";
"U2195,""SCP (J1850) Geçersiz veya Eksik Veri - Birincil Kimlik""";
"U2196,""SCP (J1850) Geçersiz veya Eksik Veri - Birincil Kimlik""";
"U2197,""SCP (J1850) Geçersiz veya Eksik Veri - Birincil Kimlik""";
"U2198,""SCP (J1850) Geçersiz veya Eksik Veri - Birincil Kimlik""";
"U2199,""SCP (J1850) Geçersiz veya Eksik Veri - Birincil Kimlik""";
"U2500,""(CAN) Modül Onayý (Acknowledgment) Alýnamadý""";
